function toISOString() { [native code] } - Java Backend PID:10776 Out: 

function toISOString() { [native code] } - Java Backend PID:10776 Out:   .   ____          _            __ _ _
 /\\ / ___'_ __ _ _(_)_ __  __ _ \ \ \ \
( ( )\___ | '_ | '_| | '_ \/ _` | \ \ \ \
 \\/  ___)| |_)| | | | | || (_| |  ) ) ) )
  '  |____| .__|_| |_|_| |_\__, | / / / /
 =========|_|==============|___/=/_/_/_/

function toISOString() { [native code] } - Java Backend PID:10776 Out:  :: Spring Boot ::                (v3.2.0)

function toISOString() { [native code] } - Java Backend PID:10776 Out: 

function toISOString() { [native code] } - Java Backend PID:10776 Out: 2025-02-13T21:21:57.705+05:30  INFO 6500 --- [           main] org.cms.Main                             : Starting Main using Java 21.0.6 with PID 6500 (D:\Projects\clinic-management-system\backend\out\artifacts\backend_jar\backend.jar started by Dilan Sriyantha in D:\Projects\clinic-management-system)

function toISOString() { [native code] } - Java Backend PID:10776 Out: 2025-02-13T21:21:57.710+05:30  INFO 6500 --- [           main] org.cms.Main                             : No active profile set, falling back to 1 default profile: "default"

function toISOString() { [native code] } - Java Backend PID:10776 Out: 2025-02-13T21:21:59.240+05:30  INFO 6500 --- [           main] o.s.b.w.embedded.tomcat.TomcatWebServer  : Tomcat initialized with port 8080 (http)

function toISOString() { [native code] } - Java Backend PID:10776 Out: 2025-02-13T21:21:59.260+05:30  INFO 6500 --- [           main] o.apache.catalina.core.StandardService   : Starting service [Tomcat]

function toISOString() { [native code] } - Java Backend PID:10776 Out: 2025-02-13T21:21:59.261+05:30  INFO 6500 --- [           main] o.apache.catalina.core.StandardEngine    : Starting Servlet engine: [Apache Tomcat/10.1.16]

function toISOString() { [native code] } - Java Backend PID:10776 Out: 2025-02-13T21:21:59.419+05:30  INFO 6500 --- [           main] o.a.c.c.C.[Tomcat].[localhost].[/]       : Initializing Spring embedded WebApplicationContext

function toISOString() { [native code] } - Java Backend PID:10776 Out: 2025-02-13T21:21:59.421+05:30  INFO 6500 --- [           main] w.s.c.ServletWebServerApplicationContext : Root WebApplicationContext: initialization completed in 1646 ms

function toISOString() { [native code] } - Java Backend PID:10776 Out: 2025-02-13T21:21:59.951+05:30  INFO 6500 --- [           main] o.s.b.w.embedded.tomcat.TomcatWebServer  : Tomcat started on port 8080 (http) with context path ''

function toISOString() { [native code] } - Java Backend PID:10776 Out: 2025-02-13T21:21:59.955+05:30  INFO 6500 --- [           main] org.cms.Main                             : Started Main in 3.004 seconds (process running for 3.561)

function toISOString() { [native code] } - Java Backend PID:15448 Out: 
  .   ____          _            __ _ _
 /\\ / ___'_ __ _ _(_)_ __  __ _ \ \ \ \
( ( )\___ | '_ | '_| | '_ \/ _` | \ \ \ \

function toISOString() { [native code] } - Java Backend PID:15448 Out:  \\/  ___)| |_)| | | | | || (_| |  ) ) ) )
  '  |____| .__|_| |_|_| |_\__, | / / / /
 =========|_|==============|___/=/_/_/_/

function toISOString() { [native code] } - Java Backend PID:15448 Out:  :: Spring Boot ::                (v3.2.0)


function toISOString() { [native code] } - Java Backend PID:15448 Out: 2025-02-13T21:37:49.310+05:30  INFO 15924 --- [           main] org.cms.Main                             : Starting Main using Java 21.0.6 with PID 15924 (D:\Projects\clinic-management-system\backend\out\artifacts\backend_jar\backend.jar started by Dilan Sriyantha in D:\Projects\clinic-management-system)

function toISOString() { [native code] } - Java Backend PID:15448 Out: 2025-02-13T21:37:49.313+05:30  INFO 15924 --- [           main] org.cms.Main                             : No active profile set, falling back to 1 default profile: "default"

function toISOString() { [native code] } - Java Backend PID:15448 Out: 2025-02-13T21:37:50.492+05:30  INFO 15924 --- [           main] o.s.b.w.embedded.tomcat.TomcatWebServer  : Tomcat initialized with port 8080 (http)

function toISOString() { [native code] } - Java Backend PID:15448 Out: 2025-02-13T21:37:50.501+05:30  INFO 15924 --- [           main] o.apache.catalina.core.StandardService   : Starting service [Tomcat]

function toISOString() { [native code] } - Java Backend PID:15448 Out: 2025-02-13T21:37:50.502+05:30  INFO 15924 --- [           main] o.apache.catalina.core.StandardEngine    : Starting Servlet engine: [Apache Tomcat/10.1.16]

function toISOString() { [native code] } - Java Backend PID:15448 Out: 2025-02-13T21:37:50.600+05:30  INFO 15924 --- [           main] o.a.c.c.C.[Tomcat].[localhost].[/]       : Initializing Spring embedded WebApplicationContext

function toISOString() { [native code] } - Java Backend PID:15448 Out: 2025-02-13T21:37:50.602+05:30  INFO 15924 --- [           main] w.s.c.ServletWebServerApplicationContext : Root WebApplicationContext: initialization completed in 1234 ms

function toISOString() { [native code] } - Java Backend PID:15448 Out: 2025-02-13T21:37:51.085+05:30  INFO 15924 --- [           main] o.s.b.w.embedded.tomcat.TomcatWebServer  : Tomcat started on port 8080 (http) with context path ''

function toISOString() { [native code] } - Java Backend PID:15448 Out: 2025-02-13T21:37:51.088+05:30  INFO 15924 --- [           main] org.cms.Main                             : Started Main in 2.294 seconds (process running for 2.726)

function toISOString() { [native code] } - Java Backend PID:15448 Out: 2025-02-13T21:37:51.316+05:30  INFO 15924 --- [nio-8080-exec-1] o.a.c.c.C.[Tomcat].[localhost].[/]       : Initializing Spring DispatcherServlet 'dispatcherServlet'

function toISOString() { [native code] } - Java Backend PID:15448 Out: 2025-02-13T21:37:51.316+05:30  INFO 15924 --- [nio-8080-exec-1] o.s.web.servlet.DispatcherServlet        : Initializing Servlet 'dispatcherServlet'

function toISOString() { [native code] } - Java Backend PID:15448 Out: 2025-02-13T21:37:51.318+05:30  INFO 15924 --- [nio-8080-exec-1] o.s.web.servlet.DispatcherServlet        : Completed initialization in 1 ms

2025-02-13T16:09:06.026Z - Java Backend PID:11200 Out: 
  .   ____          _            __ _ _
 /\\ / ___'_ __ _ _(_)_ __  __ _ \ \ \ \
( ( )\___ | '_ | '_| | '_ \/ _` | \ \ \ \
 \\/  ___)| |_)| | | | | || (_| |  ) ) ) )
  '  |____| .__|_| |_|_| |_\__, | / / / /

2025-02-13T16:09:06.171Z - Java Backend PID:11200 Out:  =========|_|==============|___/=/_/_/_/
 :: Spring Boot ::                (v3.2.0)

2025-02-13T21:39:06.067+05:30  INFO 17184 --- [           main] org.cms.Main                             : Starting Main using Java 21.0.6 with PID 17184 (D:\Projects\clinic-management-system\backend\out\artifacts\backend_jar\backend.jar started by Dilan Sriyantha in D:\Projects\clinic-management-system)
2025-02-13T21:39:06.069+05:30  INFO 17184 --- [           main] org.cms.Main                             : No active profile set, falling back to 1 default profile: "default"

2025-02-13T16:09:07.278Z - Java Backend PID:11200 Out: 2025-02-13T21:39:07.277+05:30  INFO 17184 --- [           main] o.s.b.w.embedded.tomcat.TomcatWebServer  : Tomcat initialized with port 8080 (http)

2025-02-13T16:09:07.292Z - Java Backend PID:11200 Out: 2025-02-13T21:39:07.292+05:30  INFO 17184 --- [           main] o.apache.catalina.core.StandardService   : Starting service [Tomcat]

2025-02-13T16:09:07.293Z - Java Backend PID:11200 Out: 2025-02-13T21:39:07.292+05:30  INFO 17184 --- [           main] o.apache.catalina.core.StandardEngine    : Starting Servlet engine: [Apache Tomcat/10.1.16]

2025-02-13T16:09:07.405Z - Java Backend PID:11200 Out: 2025-02-13T21:39:07.405+05:30  INFO 17184 --- [           main] o.a.c.c.C.[Tomcat].[localhost].[/]       : Initializing Spring embedded WebApplicationContext

2025-02-13T16:09:07.410Z - Java Backend PID:11200 Out: 2025-02-13T21:39:07.407+05:30  INFO 17184 --- [           main] w.s.c.ServletWebServerApplicationContext : Root WebApplicationContext: initialization completed in 1303 ms

2025-02-13T16:09:07.891Z - Java Backend PID:11200 Out: 2025-02-13T21:39:07.800+05:30  WARN 17184 --- [           main] ConfigServletWebServerApplicationContext : Exception encountered during context initialization - cancelling refresh attempt: org.springframework.context.ApplicationContextException: Failed to start bean 'webServerStartStop'
2025-02-13T21:39:07.817+05:30 ERROR 17184 --- [           main] o.s.b.d.LoggingFailureAnalysisReporter   : 

***************************
APPLICATION FAILED TO START
***************************

Description:

Web server failed to start. Port 8080 was already in use.

Action:

Identify and stop the process that's listening on port 8080 or configure this application to listen on another port.


2025-02-13T16:09:34.228Z - Java Backend PID:3204 Out: 

2025-02-13T16:09:34.230Z - Java Backend PID:3204 Out:   .   ____          _            __ _ _
 /\\ / ___'_ __ _ _(_)_ __  __ _ \ \ \ \
( ( )\___ | '_ | '_| | '_ \/ _` | \ \ \ \
 \\/  ___)| |_)| | | | | || (_| |  ) ) ) )
  '  |____| .__|_| |_|_| |_\__, | / / / /
 =========|_|==============|___/=/_/_/_/

2025-02-13T16:09:34.232Z - Java Backend PID:3204 Out:  :: Spring Boot ::                (v3.2.0)

2025-02-13T16:09:34.232Z - Java Backend PID:3204 Out: 

2025-02-13T16:09:34.274Z - Java Backend PID:3204 Out: 2025-02-13T21:39:34.272+05:30  INFO 5484 --- [           main] org.cms.Main                             : Starting Main using Java 21.0.6 with PID 5484 (D:\Projects\clinic-management-system\backend\out\artifacts\backend_jar\backend.jar started by Dilan Sriyantha in D:\Projects\clinic-management-system)

2025-02-13T16:09:34.275Z - Java Backend PID:3204 Out: 2025-02-13T21:39:34.275+05:30  INFO 5484 --- [           main] org.cms.Main                             : No active profile set, falling back to 1 default profile: "default"

2025-02-13T16:09:35.512Z - Java Backend PID:3204 Out: 2025-02-13T21:39:35.511+05:30  INFO 5484 --- [           main] o.s.b.w.embedded.tomcat.TomcatWebServer  : Tomcat initialized with port 8080 (http)

2025-02-13T16:09:35.523Z - Java Backend PID:3204 Out: 2025-02-13T21:39:35.522+05:30  INFO 5484 --- [           main] o.apache.catalina.core.StandardService   : Starting service [Tomcat]

2025-02-13T16:09:35.523Z - Java Backend PID:3204 Out: 2025-02-13T21:39:35.522+05:30  INFO 5484 --- [           main] o.apache.catalina.core.StandardEngine    : Starting Servlet engine: [Apache Tomcat/10.1.16]

2025-02-13T16:09:35.622Z - Java Backend PID:3204 Out: 2025-02-13T21:39:35.621+05:30  INFO 5484 --- [           main] o.a.c.c.C.[Tomcat].[localhost].[/]       : Initializing Spring embedded WebApplicationContext

2025-02-13T16:09:35.624Z - Java Backend PID:3204 Out: 2025-02-13T21:39:35.623+05:30  INFO 5484 --- [           main] w.s.c.ServletWebServerApplicationContext : Root WebApplicationContext: initialization completed in 1315 ms

2025-02-13T16:09:36.107Z - Java Backend PID:3204 Out: 2025-02-13T21:39:36.106+05:30  WARN 5484 --- [           main] ConfigServletWebServerApplicationContext : Exception encountered during context initialization - cancelling refresh attempt: org.springframework.context.ApplicationContextException: Failed to start bean 'webServerStartStop'

2025-02-13T16:09:36.129Z - Java Backend PID:3204 Out: 2025-02-13T21:39:36.128+05:30 ERROR 5484 --- [           main] o.s.b.d.LoggingFailureAnalysisReporter   : 

***************************
APPLICATION FAILED TO START
***************************

Description:

Web server failed to start. Port 8080 was already in use.

Action:

Identify and stop the process that's listening on port 8080 or configure this application to listen on another port.


2025-02-13T16:10:08.950Z - Java Backend PID:12596 Out: 
  .   ____          _            __ _ _
 /\\ / ___'_ __ _ _(_)_ __  __ _ \ \ \ \
( ( )\___ | '_ | '_| | '_ \/ _` | \ \ \ \
 \\/  ___)| |_)| | | | | || (_| |  ) ) ) )
  '  |____| .__|_| |_|_| |_\__, | / / / /

2025-02-13T16:10:08.953Z - Java Backend PID:12596 Out:  =========|_|==============|___/=/_/_/_/

2025-02-13T16:10:08.955Z - Java Backend PID:12596 Out:  :: Spring Boot ::                (v3.2.0)


2025-02-13T16:10:09.004Z - Java Backend PID:12596 Out: 2025-02-13T21:40:09.002+05:30  INFO 11692 --- [           main] org.cms.Main                             : Starting Main using Java 21.0.6 with PID 11692 (D:\Projects\clinic-management-system\backend\out\artifacts\backend_jar\backend.jar started by Dilan Sriyantha in D:\Projects\clinic-management-system)

2025-02-13T16:10:09.006Z - Java Backend PID:12596 Out: 2025-02-13T21:40:09.005+05:30  INFO 11692 --- [           main] org.cms.Main                             : No active profile set, falling back to 1 default profile: "default"

2025-02-13T16:10:10.060Z - Java Backend PID:12596 Out: 2025-02-13T21:40:10.060+05:30  INFO 11692 --- [           main] o.s.b.w.embedded.tomcat.TomcatWebServer  : Tomcat initialized with port 8080 (http)

2025-02-13T16:10:10.074Z - Java Backend PID:12596 Out: 2025-02-13T21:40:10.074+05:30  INFO 11692 --- [           main] o.apache.catalina.core.StandardService   : Starting service [Tomcat]

2025-02-13T16:10:10.075Z - Java Backend PID:12596 Out: 2025-02-13T21:40:10.074+05:30  INFO 11692 --- [           main] o.apache.catalina.core.StandardEngine    : Starting Servlet engine: [Apache Tomcat/10.1.16]

2025-02-13T16:10:10.208Z - Java Backend PID:12596 Out: 2025-02-13T21:40:10.208+05:30  INFO 11692 --- [           main] o.a.c.c.C.[Tomcat].[localhost].[/]       : Initializing Spring embedded WebApplicationContext

2025-02-13T16:10:10.210Z - Java Backend PID:12596 Out: 2025-02-13T21:40:10.209+05:30  INFO 11692 --- [           main] w.s.c.ServletWebServerApplicationContext : Root WebApplicationContext: initialization completed in 1167 ms

2025-02-13T16:10:10.606Z - Java Backend PID:12596 Out: 2025-02-13T21:40:10.606+05:30  INFO 11692 --- [           main] o.s.b.w.embedded.tomcat.TomcatWebServer  : Tomcat started on port 8080 (http) with context path ''

2025-02-13T16:10:10.609Z - Java Backend PID:12596 Out: 2025-02-13T21:40:10.609+05:30  INFO 11692 --- [           main] org.cms.Main                             : Started Main in 1.892 seconds (process running for 2.181)

2025-02-13T16:11:07.456Z - Java Backend PID:16204 Out: 
  .   ____          _            __ _ _
 /\\ / ___'_ __ _ _(_)_ __  __ _ \ \ \ \
( ( )\___ | '_ | '_| | '_ \/ _` | \ \ \ \
 \\/  ___)| |_)| | | | | || (_| |  ) ) ) )
  '  |____| .__|_| |_|_| |_\__, | / / / /
 =========|_|==============|___/=/_/_/_/

2025-02-13T16:11:07.488Z - Java Backend PID:16204 Out:  :: Spring Boot ::                (v3.2.0)


2025-02-13T16:11:07.537Z - Java Backend PID:16204 Out: 2025-02-13T21:41:07.536+05:30  INFO 6648 --- [           main] org.cms.Main                             : Starting Main using Java 21.0.6 with PID 6648 (D:\Projects\clinic-management-system\backend\out\artifacts\backend_jar\backend.jar started by Dilan Sriyantha in D:\Projects\clinic-management-system)

2025-02-13T16:11:07.543Z - Java Backend PID:16204 Out: 2025-02-13T21:41:07.539+05:30  INFO 6648 --- [           main] org.cms.Main                             : No active profile set, falling back to 1 default profile: "default"

2025-02-13T16:11:09.583Z - Java Backend PID:16204 Out: 2025-02-13T21:41:09.582+05:30  INFO 6648 --- [           main] o.s.b.w.embedded.tomcat.TomcatWebServer  : Tomcat initialized with port 8080 (http)

2025-02-13T16:11:09.594Z - Java Backend PID:16204 Out: 2025-02-13T21:41:09.593+05:30  INFO 6648 --- [           main] o.apache.catalina.core.StandardService   : Starting service [Tomcat]

2025-02-13T16:11:09.594Z - Java Backend PID:16204 Out: 2025-02-13T21:41:09.594+05:30  INFO 6648 --- [           main] o.apache.catalina.core.StandardEngine    : Starting Servlet engine: [Apache Tomcat/10.1.16]

2025-02-13T16:11:09.690Z - Java Backend PID:16204 Out: 2025-02-13T21:41:09.690+05:30  INFO 6648 --- [           main] o.a.c.c.C.[Tomcat].[localhost].[/]       : Initializing Spring embedded WebApplicationContext

2025-02-13T16:11:09.693Z - Java Backend PID:16204 Out: 2025-02-13T21:41:09.692+05:30  INFO 6648 --- [           main] w.s.c.ServletWebServerApplicationContext : Root WebApplicationContext: initialization completed in 2083 ms

2025-02-13T16:11:10.140Z - Java Backend PID:16204 Out: 2025-02-13T21:41:10.140+05:30  INFO 6648 --- [           main] o.s.b.w.embedded.tomcat.TomcatWebServer  : Tomcat started on port 8080 (http) with context path ''

2025-02-13T16:11:10.143Z - Java Backend PID:16204 Out: 2025-02-13T21:41:10.143+05:30  INFO 6648 --- [           main] org.cms.Main                             : Started Main in 3.018 seconds (process running for 3.43)

2025-02-13T16:11:10.263Z - Java Backend PID:16204 Out: 2025-02-13T21:41:10.263+05:30  INFO 6648 --- [nio-8080-exec-1] o.a.c.c.C.[Tomcat].[localhost].[/]       : Initializing Spring DispatcherServlet 'dispatcherServlet'

2025-02-13T16:11:10.264Z - Java Backend PID:16204 Out: 2025-02-13T21:41:10.264+05:30  INFO 6648 --- [nio-8080-exec-1] o.s.web.servlet.DispatcherServlet        : Initializing Servlet 'dispatcherServlet'

2025-02-13T16:11:10.265Z - Java Backend PID:16204 Out: 2025-02-13T21:41:10.265+05:30  INFO 6648 --- [nio-8080-exec-1] o.s.web.servlet.DispatcherServlet        : Completed initialization in 1 ms

2025-02-13T16:11:58.924Z - Java Backend PID:15456 Out: 

2025-02-13T16:11:58.928Z - Java Backend PID:15456 Out:   .   ____          _            __ _ _
 /\\ / ___'_ __ _ _(_)_ __  __ _ \ \ \ \
( ( )\___ | '_ | '_| | '_ \/ _` | \ \ \ \
 \\/  ___)| |_)| | | | | || (_| |  ) ) ) )
  '  |____| .__|_| |_|_| |_\__, | / / / /
 =========|_|==============|___/=/_/_/_/

2025-02-13T16:11:58.936Z - Java Backend PID:15456 Out:  :: Spring Boot ::                (v3.2.0)

2025-02-13T16:11:58.937Z - Java Backend PID:15456 Out: 

2025-02-13T16:11:59.005Z - Java Backend PID:15456 Out: 2025-02-13T21:41:59.003+05:30  INFO 5004 --- [           main] org.cms.Main                             : Starting Main using Java 21.0.6 with PID 5004 (D:\Projects\clinic-management-system\backend\out\artifacts\backend_jar\backend.jar started by Dilan Sriyantha in D:\Projects\clinic-management-system)

2025-02-13T16:11:59.008Z - Java Backend PID:15456 Out: 2025-02-13T21:41:59.007+05:30  INFO 5004 --- [           main] org.cms.Main                             : No active profile set, falling back to 1 default profile: "default"

2025-02-13T16:12:00.055Z - Java Backend PID:15456 Out: 2025-02-13T21:42:00.055+05:30  INFO 5004 --- [           main] o.s.b.w.embedded.tomcat.TomcatWebServer  : Tomcat initialized with port 8080 (http)

2025-02-13T16:12:00.064Z - Java Backend PID:15456 Out: 2025-02-13T21:42:00.064+05:30  INFO 5004 --- [           main] o.apache.catalina.core.StandardService   : Starting service [Tomcat]

2025-02-13T16:12:00.065Z - Java Backend PID:15456 Out: 2025-02-13T21:42:00.065+05:30  INFO 5004 --- [           main] o.apache.catalina.core.StandardEngine    : Starting Servlet engine: [Apache Tomcat/10.1.16]

2025-02-13T16:12:00.165Z - Java Backend PID:15456 Out: 2025-02-13T21:42:00.165+05:30  INFO 5004 --- [           main] o.a.c.c.C.[Tomcat].[localhost].[/]       : Initializing Spring embedded WebApplicationContext

2025-02-13T16:12:00.167Z - Java Backend PID:15456 Out: 2025-02-13T21:42:00.166+05:30  INFO 5004 --- [           main] w.s.c.ServletWebServerApplicationContext : Root WebApplicationContext: initialization completed in 1118 ms

2025-02-13T16:12:00.628Z - Java Backend PID:15456 Out: 2025-02-13T21:42:00.627+05:30  INFO 5004 --- [           main] o.s.b.w.embedded.tomcat.TomcatWebServer  : Tomcat started on port 8080 (http) with context path ''

2025-02-13T16:12:00.632Z - Java Backend PID:15456 Out: 2025-02-13T21:42:00.631+05:30  INFO 5004 --- [           main] org.cms.Main                             : Started Main in 2.175 seconds (process running for 2.703)

2025-02-13T16:12:00.828Z - Java Backend PID:15456 Out: 2025-02-13T21:42:00.827+05:30  INFO 5004 --- [nio-8080-exec-1] o.a.c.c.C.[Tomcat].[localhost].[/]       : Initializing Spring DispatcherServlet 'dispatcherServlet'

2025-02-13T16:12:00.829Z - Java Backend PID:15456 Out: 2025-02-13T21:42:00.827+05:30  INFO 5004 --- [nio-8080-exec-1] o.s.web.servlet.DispatcherServlet        : Initializing Servlet 'dispatcherServlet'

2025-02-13T16:12:00.830Z - Java Backend PID:15456 Out: 2025-02-13T21:42:00.829+05:30  INFO 5004 --- [nio-8080-exec-1] o.s.web.servlet.DispatcherServlet        : Completed initialization in 1 ms

2025-02-13T16:12:51.022Z - Java Backend PID:16520 Out: 

2025-02-13T16:12:51.040Z - Java Backend PID:16520 Out:   .   ____          _            __ _ _
 /\\ / ___'_ __ _ _(_)_ __  __ _ \ \ \ \
( ( )\___ | '_ | '_| | '_ \/ _` | \ \ \ \
 \\/  ___)| |_)| | | | | || (_| |  ) ) ) )
  '  |____| .__|_| |_|_| |_\__, | / / / /
 =========|_|==============|___/=/_/_/_/
 :: Spring Boot ::                (v3.2.0)


2025-02-13T16:12:51.135Z - Java Backend PID:16520 Out: 2025-02-13T21:42:51.130+05:30  INFO 8240 --- [           main] org.cms.Main                             : Starting Main using Java 21.0.6 with PID 8240 (D:\Projects\clinic-management-system\backend\out\artifacts\backend_jar\backend.jar started by Dilan Sriyantha in D:\Projects\clinic-management-system)

2025-02-13T16:12:51.160Z - Java Backend PID:16520 Out: 2025-02-13T21:42:51.137+05:30  INFO 8240 --- [           main] org.cms.Main                             : No active profile set, falling back to 1 default profile: "default"

2025-02-13T16:12:52.498Z - Java Backend PID:16520 Out: 2025-02-13T21:42:52.497+05:30  INFO 8240 --- [           main] o.s.b.w.embedded.tomcat.TomcatWebServer  : Tomcat initialized with port 8080 (http)

2025-02-13T16:12:52.508Z - Java Backend PID:16520 Out: 2025-02-13T21:42:52.507+05:30  INFO 8240 --- [           main] o.apache.catalina.core.StandardService   : Starting service [Tomcat]

2025-02-13T16:12:52.509Z - Java Backend PID:16520 Out: 2025-02-13T21:42:52.508+05:30  INFO 8240 --- [           main] o.apache.catalina.core.StandardEngine    : Starting Servlet engine: [Apache Tomcat/10.1.16]

2025-02-13T16:12:52.667Z - Java Backend PID:16520 Out: 2025-02-13T21:42:52.666+05:30  INFO 8240 --- [           main] o.a.c.c.C.[Tomcat].[localhost].[/]       : Initializing Spring embedded WebApplicationContext

2025-02-13T16:12:52.668Z - Java Backend PID:16520 Out: 2025-02-13T21:42:52.667+05:30  INFO 8240 --- [           main] w.s.c.ServletWebServerApplicationContext : Root WebApplicationContext: initialization completed in 1415 ms

2025-02-13T16:12:53.113Z - Java Backend PID:16520 Out: 2025-02-13T21:42:53.113+05:30  INFO 8240 --- [           main] o.s.b.w.embedded.tomcat.TomcatWebServer  : Tomcat started on port 8080 (http) with context path ''

2025-02-13T16:12:53.116Z - Java Backend PID:16520 Out: 2025-02-13T21:42:53.116+05:30  INFO 8240 --- [           main] org.cms.Main                             : Started Main in 2.518 seconds (process running for 2.964)

2025-02-13T16:12:53.181Z - Java Backend PID:16520 Out: 2025-02-13T21:42:53.180+05:30  INFO 8240 --- [nio-8080-exec-1] o.a.c.c.C.[Tomcat].[localhost].[/]       : Initializing Spring DispatcherServlet 'dispatcherServlet'

2025-02-13T16:12:53.182Z - Java Backend PID:16520 Out: 2025-02-13T21:42:53.181+05:30  INFO 8240 --- [nio-8080-exec-1] o.s.web.servlet.DispatcherServlet        : Initializing Servlet 'dispatcherServlet'

2025-02-13T16:12:53.184Z - Java Backend PID:16520 Out: 2025-02-13T21:42:53.183+05:30  INFO 8240 --- [nio-8080-exec-1] o.s.web.servlet.DispatcherServlet        : Completed initialization in 2 ms

2025-02-13T16:17:02.274Z - Java Backend PID:13416 Out: 
  .   ____          _            __ _ _
 /\\ / ___'_ __ _ _(_)_ __  __ _ \ \ \ \
( ( )\___ | '_ | '_| | '_ \/ _` | \ \ \ \

2025-02-13T16:17:02.279Z - Java Backend PID:13416 Out:  \\/  ___)| |_)| | | | | || (_| |  ) ) ) )
  '  |____| .__|_| |_|_| |_\__, | / / / /
 =========|_|==============|___/=/_/_/_/
 :: Spring Boot ::                (v3.2.0)


2025-02-13T16:17:02.386Z - Java Backend PID:13416 Out: 2025-02-13T21:47:02.384+05:30  INFO 3820 --- [           main] org.cms.Main                             : Starting Main using Java 21.0.6 with PID 3820 (D:\Projects\clinic-management-system\backend\out\artifacts\backend_jar\backend.jar started by Dilan Sriyantha in D:\Projects\clinic-management-system)

2025-02-13T16:17:02.389Z - Java Backend PID:13416 Out: 2025-02-13T21:47:02.388+05:30  INFO 3820 --- [           main] org.cms.Main                             : No active profile set, falling back to 1 default profile: "default"

2025-02-13T16:17:03.403Z - Java Backend PID:13416 Out: 2025-02-13T21:47:03.403+05:30  INFO 3820 --- [           main] o.s.b.w.embedded.tomcat.TomcatWebServer  : Tomcat initialized with port 8080 (http)

2025-02-13T16:17:03.411Z - Java Backend PID:13416 Out: 2025-02-13T21:47:03.411+05:30  INFO 3820 --- [           main] o.apache.catalina.core.StandardService   : Starting service [Tomcat]

2025-02-13T16:17:03.412Z - Java Backend PID:13416 Out: 2025-02-13T21:47:03.412+05:30  INFO 3820 --- [           main] o.apache.catalina.core.StandardEngine    : Starting Servlet engine: [Apache Tomcat/10.1.16]

2025-02-13T16:17:03.512Z - Java Backend PID:13416 Out: 2025-02-13T21:47:03.513+05:30  INFO 3820 --- [           main] o.a.c.c.C.[Tomcat].[localhost].[/]       : Initializing Spring embedded WebApplicationContext

2025-02-13T16:17:03.514Z - Java Backend PID:13416 Out: 2025-02-13T21:47:03.514+05:30  INFO 3820 --- [           main] w.s.c.ServletWebServerApplicationContext : Root WebApplicationContext: initialization completed in 1077 ms

2025-02-13T16:17:03.941Z - Java Backend PID:13416 Out: 2025-02-13T21:47:03.941+05:30  WARN 3820 --- [           main] ConfigServletWebServerApplicationContext : Exception encountered during context initialization - cancelling refresh attempt: org.springframework.context.ApplicationContextException: Failed to start bean 'webServerStartStop'

2025-02-13T16:17:03.958Z - Java Backend PID:13416 Out: 2025-02-13T21:47:03.958+05:30 ERROR 3820 --- [           main] o.s.b.d.LoggingFailureAnalysisReporter   : 

***************************
APPLICATION FAILED TO START
***************************

Description:

Web server failed to start. Port 8080 was already in use.

Action:

Identify and stop the process that's listening on port 8080 or configure this application to listen on another port.


2025-02-13T16:17:28.125Z - Java Backend PID:15704 Out: 

2025-02-13T16:17:28.131Z - Java Backend PID:15704 Out:   .   ____          _            __ _ _
 /\\ / ___'_ __ _ _(_)_ __  __ _ \ \ \ \
( ( )\___ | '_ | '_| | '_ \/ _` | \ \ \ \
 \\/  ___)| |_)| | | | | || (_| |  ) ) ) )
  '  |____| .__|_| |_|_| |_\__, | / / / /
 =========|_|==============|___/=/_/_/_/

2025-02-13T16:17:28.134Z - Java Backend PID:15704 Out:  :: Spring Boot ::                (v3.2.0)

2025-02-13T16:17:28.135Z - Java Backend PID:15704 Out: 

2025-02-13T16:17:28.201Z - Java Backend PID:15704 Out: 2025-02-13T21:47:28.199+05:30  INFO 13232 --- [           main] org.cms.Main                             : Starting Main using Java 21.0.6 with PID 13232 (D:\Projects\clinic-management-system\backend\out\artifacts\backend_jar\backend.jar started by Dilan Sriyantha in D:\Projects\clinic-management-system)

2025-02-13T16:17:28.206Z - Java Backend PID:15704 Out: 2025-02-13T21:47:28.204+05:30  INFO 13232 --- [           main] org.cms.Main                             : No active profile set, falling back to 1 default profile: "default"

2025-02-13T16:17:29.313Z - Java Backend PID:15704 Out: 2025-02-13T21:47:29.313+05:30  INFO 13232 --- [           main] o.s.b.w.embedded.tomcat.TomcatWebServer  : Tomcat initialized with port 8080 (http)

2025-02-13T16:17:29.325Z - Java Backend PID:15704 Out: 2025-02-13T21:47:29.326+05:30  INFO 13232 --- [           main] o.apache.catalina.core.StandardService   : Starting service [Tomcat]

2025-02-13T16:17:29.326Z - Java Backend PID:15704 Out: 2025-02-13T21:47:29.326+05:30  INFO 13232 --- [           main] o.apache.catalina.core.StandardEngine    : Starting Servlet engine: [Apache Tomcat/10.1.16]

2025-02-13T16:17:29.431Z - Java Backend PID:15704 Out: 2025-02-13T21:47:29.431+05:30  INFO 13232 --- [           main] o.a.c.c.C.[Tomcat].[localhost].[/]       : Initializing Spring embedded WebApplicationContext

2025-02-13T16:17:29.432Z - Java Backend PID:15704 Out: 2025-02-13T21:47:29.432+05:30  INFO 13232 --- [           main] w.s.c.ServletWebServerApplicationContext : Root WebApplicationContext: initialization completed in 1141 ms

2025-02-13T16:17:29.865Z - Java Backend PID:15704 Out: 2025-02-13T21:47:29.866+05:30  WARN 13232 --- [           main] ConfigServletWebServerApplicationContext : Exception encountered during context initialization - cancelling refresh attempt: org.springframework.context.ApplicationContextException: Failed to start bean 'webServerStartStop'

2025-02-13T16:17:29.882Z - Java Backend PID:15704 Out: 2025-02-13T21:47:29.883+05:30 ERROR 13232 --- [           main] o.s.b.d.LoggingFailureAnalysisReporter   : 

***************************
APPLICATION FAILED TO START
***************************

Description:

Web server failed to start. Port 8080 was already in use.

Action:

Identify and stop the process that's listening on port 8080 or configure this application to listen on another port.


2025-02-13T16:17:42.717Z - Java Backend PID:4380 Out: 
  .   ____          _            __ _ _
 /\\ / ___'_ __ _ _(_)_ __  __ _ \ \ \ \

2025-02-13T16:17:42.741Z - Java Backend PID:4380 Out: ( ( )\___ | '_ | '_| | '_ \/ _` | \ \ \ \
 \\/  ___)| |_)| | | | | || (_| |  ) ) ) )
  '  |____| .__|_| |_|_| |_\__, | / / / /
 =========|_|==============|___/=/_/_/_/
 :: Spring Boot ::                (v3.2.0)


2025-02-13T16:17:42.854Z - Java Backend PID:4380 Out: 2025-02-13T21:47:42.852+05:30  INFO 4128 --- [           main] org.cms.Main                             : Starting Main using Java 21.0.6 with PID 4128 (D:\Projects\clinic-management-system\backend\out\artifacts\backend_jar\backend.jar started by Dilan Sriyantha in D:\Projects\clinic-management-system)

2025-02-13T16:17:42.856Z - Java Backend PID:4380 Out: 2025-02-13T21:47:42.855+05:30  INFO 4128 --- [           main] org.cms.Main                             : No active profile set, falling back to 1 default profile: "default"

2025-02-13T16:17:44.005Z - Java Backend PID:4380 Out: 2025-02-13T21:47:44.004+05:30  INFO 4128 --- [           main] o.s.b.w.embedded.tomcat.TomcatWebServer  : Tomcat initialized with port 8080 (http)

2025-02-13T16:17:44.013Z - Java Backend PID:4380 Out: 2025-02-13T21:47:44.013+05:30  INFO 4128 --- [           main] o.apache.catalina.core.StandardService   : Starting service [Tomcat]

2025-02-13T16:17:44.018Z - Java Backend PID:4380 Out: 2025-02-13T21:47:44.013+05:30  INFO 4128 --- [           main] o.apache.catalina.core.StandardEngine    : Starting Servlet engine: [Apache Tomcat/10.1.16]

2025-02-13T16:17:44.120Z - Java Backend PID:4380 Out: 2025-02-13T21:47:44.119+05:30  INFO 4128 --- [           main] o.a.c.c.C.[Tomcat].[localhost].[/]       : Initializing Spring embedded WebApplicationContext

2025-02-13T16:17:44.121Z - Java Backend PID:4380 Out: 2025-02-13T21:47:44.120+05:30  INFO 4128 --- [           main] w.s.c.ServletWebServerApplicationContext : Root WebApplicationContext: initialization completed in 1221 ms

2025-02-13T16:17:44.556Z - Java Backend PID:4380 Out: 2025-02-13T21:47:44.555+05:30  INFO 4128 --- [           main] o.s.b.w.embedded.tomcat.TomcatWebServer  : Tomcat started on port 8080 (http) with context path ''

2025-02-13T16:17:44.560Z - Java Backend PID:4380 Out: 2025-02-13T21:47:44.559+05:30  INFO 4128 --- [           main] org.cms.Main                             : Started Main in 2.373 seconds (process running for 2.887)

2025-02-13T16:17:44.803Z - Java Backend PID:4380 Out: 2025-02-13T21:47:44.803+05:30  INFO 4128 --- [nio-8080-exec-1] o.a.c.c.C.[Tomcat].[localhost].[/]       : Initializing Spring DispatcherServlet 'dispatcherServlet'

2025-02-13T16:17:44.803Z - Java Backend PID:4380 Out: 2025-02-13T21:47:44.803+05:30  INFO 4128 --- [nio-8080-exec-1] o.s.web.servlet.DispatcherServlet        : Initializing Servlet 'dispatcherServlet'

2025-02-13T16:17:44.805Z - Java Backend PID:4380 Out: 2025-02-13T21:47:44.805+05:30  INFO 4128 --- [nio-8080-exec-1] o.s.web.servlet.DispatcherServlet        : Completed initialization in 1 ms

2025-02-13T16:17:56.965Z - Java Backend PID:5768 Out: 
  .   ____          _            __ _ _
 /\\ / ___'_ __ _ _(_)_ __  __ _ \ \ \ \
( ( )\___ | '_ | '_| | '_ \/ _` | \ \ \ \

2025-02-13T16:17:56.967Z - Java Backend PID:5768 Out:  \\/  ___)| |_)| | | | | || (_| |  ) ) ) )
  '  |____| .__|_| |_|_| |_\__, | / / / /
 =========|_|==============|___/=/_/_/_/

2025-02-13T16:17:56.971Z - Java Backend PID:5768 Out:  :: Spring Boot ::                (v3.2.0)


2025-02-13T16:17:57.018Z - Java Backend PID:5768 Out: 2025-02-13T21:47:57.017+05:30  INFO 440 --- [           main] org.cms.Main                             : Starting Main using Java 21.0.6 with PID 440 (D:\Projects\clinic-management-system\backend\out\artifacts\backend_jar\backend.jar started by Dilan Sriyantha in D:\Projects\clinic-management-system)

2025-02-13T16:17:57.020Z - Java Backend PID:5768 Out: 2025-02-13T21:47:57.020+05:30  INFO 440 --- [           main] org.cms.Main                             : No active profile set, falling back to 1 default profile: "default"

2025-02-13T16:17:57.985Z - Java Backend PID:5768 Out: 2025-02-13T21:47:57.985+05:30  INFO 440 --- [           main] o.s.b.w.embedded.tomcat.TomcatWebServer  : Tomcat initialized with port 8080 (http)

2025-02-13T16:17:57.994Z - Java Backend PID:5768 Out: 2025-02-13T21:47:57.993+05:30  INFO 440 --- [           main] o.apache.catalina.core.StandardService   : Starting service [Tomcat]

2025-02-13T16:17:57.996Z - Java Backend PID:5768 Out: 2025-02-13T21:47:57.994+05:30  INFO 440 --- [           main] o.apache.catalina.core.StandardEngine    : Starting Servlet engine: [Apache Tomcat/10.1.16]

2025-02-13T16:17:58.118Z - Java Backend PID:5768 Out: 2025-02-13T21:47:58.117+05:30  INFO 440 --- [           main] o.a.c.c.C.[Tomcat].[localhost].[/]       : Initializing Spring embedded WebApplicationContext

2025-02-13T16:17:58.120Z - Java Backend PID:5768 Out: 2025-02-13T21:47:58.119+05:30  INFO 440 --- [           main] w.s.c.ServletWebServerApplicationContext : Root WebApplicationContext: initialization completed in 1058 ms

2025-02-13T16:17:58.552Z - Java Backend PID:5768 Out: 2025-02-13T21:47:58.551+05:30  INFO 440 --- [           main] o.s.b.w.embedded.tomcat.TomcatWebServer  : Tomcat started on port 8080 (http) with context path ''

2025-02-13T16:17:58.555Z - Java Backend PID:5768 Out: 2025-02-13T21:47:58.555+05:30  INFO 440 --- [           main] org.cms.Main                             : Started Main in 2.233 seconds (process running for 2.695)

2025-02-13T16:17:58.773Z - Java Backend PID:5768 Out: 2025-02-13T21:47:58.773+05:30  INFO 440 --- [nio-8080-exec-1] o.a.c.c.C.[Tomcat].[localhost].[/]       : Initializing Spring DispatcherServlet 'dispatcherServlet'

2025-02-13T16:17:58.773Z - Java Backend PID:5768 Out: 2025-02-13T21:47:58.773+05:30  INFO 440 --- [nio-8080-exec-1] o.s.web.servlet.DispatcherServlet        : Initializing Servlet 'dispatcherServlet'

2025-02-13T16:17:58.775Z - Java Backend PID:5768 Out: 2025-02-13T21:47:58.775+05:30  INFO 440 --- [nio-8080-exec-1] o.s.web.servlet.DispatcherServlet        : Completed initialization in 1 ms

2025-02-13T16:45:44.008Z - Java Backend PID:3664 Out: 
  .   ____          _            __ _ _
 /\\ / ___'_ __ _ _(_)_ __  __ _ \ \ \ \
( ( )\___ | '_ | '_| | '_ \/ _` | \ \ \ \
 \\/  ___)| |_)| | | | | || (_| |  ) ) ) )
  '  |____| .__|_| |_|_| |_\__, | / / / /

2025-02-13T16:45:48.376Z - Java Backend PID:3664 Out:  =========|_|==============|___/=/_/_/_/
 :: Spring Boot ::                (v3.2.0)

2025-02-13T22:15:44.093+05:30  INFO 15828 --- [           main] org.cms.Main                             : Starting Main using Java 21.0.6 with PID 15828 (D:\Projects\clinic-management-system\backend\out\artifacts\backend_jar\backend.jar started by Dilan Sriyantha in D:\Projects\clinic-management-system)
2025-02-13T22:15:44.099+05:30  INFO 15828 --- [           main] org.cms.Main                             : No active profile set, falling back to 1 default profile: "default"
2025-02-13T22:15:45.077+05:30  INFO 15828 --- [           main] o.s.b.w.embedded.tomcat.TomcatWebServer  : Tomcat initialized with port 8080 (http)
2025-02-13T22:15:45.087+05:30  INFO 15828 --- [           main] o.apache.catalina.core.StandardService   : Starting service [Tomcat]
2025-02-13T22:15:45.088+05:30  INFO 15828 --- [           main] o.apache.catalina.core.StandardEngine    : Starting Servlet engine: [Apache Tomcat/10.1.16]
2025-02-13T22:15:45.182+05:30  INFO 15828 --- [           main] o.a.c.c.C.[Tomcat].[localhost].[/]       : Initializing Spring embedded WebApplicationContext
2025-02-13T22:15:45.183+05:30  INFO 15828 --- [           main] w.s.c.ServletWebServerApplicationContext : Root WebApplicationContext: initialization completed in 1017 ms
2025-02-13T22:15:45.624+05:30  INFO 15828 --- [           main] o.s.b.w.embedded.tomcat.TomcatWebServer  : Tomcat started on port 8080 (http) with context path ''
2025-02-13T22:15:45.626+05:30  INFO 15828 --- [           main] org.cms.Main                             : Started Main in 1.849 seconds (process running for 2.142)

2025-02-13T16:46:22.798Z - Java Backend PID:8152 Out: 
  .   ____          _            __ _ _
 /\\ / ___'_ __ _ _(_)_ __  __ _ \ \ \ \
( ( )\___ | '_ | '_| | '_ \/ _` | \ \ \ \
 \\/  ___)| |_)| | | | | || (_| |  ) ) ) )
  '  |____| .__|_| |_|_| |_\__, | / / / /
 =========|_|==============|___/=/_/_/_/

2025-02-13T16:46:25.856Z - Java Backend PID:8152 Out:  :: Spring Boot ::                (v3.2.0)

2025-02-13T22:16:22.866+05:30  INFO 6708 --- [           main] org.cms.Main                             : Starting Main using Java 21.0.6 with PID 6708 (D:\Projects\clinic-management-system\backend\out\artifacts\backend_jar\backend.jar started by Dilan Sriyantha in D:\Projects\clinic-management-system)
2025-02-13T22:16:22.870+05:30  INFO 6708 --- [           main] org.cms.Main                             : No active profile set, falling back to 1 default profile: "default"
2025-02-13T22:16:23.792+05:30  INFO 6708 --- [           main] o.s.b.w.embedded.tomcat.TomcatWebServer  : Tomcat initialized with port 8080 (http)
2025-02-13T22:16:23.800+05:30  INFO 6708 --- [           main] o.apache.catalina.core.StandardService   : Starting service [Tomcat]
2025-02-13T22:16:23.800+05:30  INFO 6708 --- [           main] o.apache.catalina.core.StandardEngine    : Starting Servlet engine: [Apache Tomcat/10.1.16]
2025-02-13T22:16:23.893+05:30  INFO 6708 --- [           main] o.a.c.c.C.[Tomcat].[localhost].[/]       : Initializing Spring embedded WebApplicationContext
2025-02-13T22:16:23.894+05:30  INFO 6708 --- [           main] w.s.c.ServletWebServerApplicationContext : Root WebApplicationContext: initialization completed in 972 ms
2025-02-13T22:16:24.344+05:30  INFO 6708 --- [           main] o.s.b.w.embedded.tomcat.TomcatWebServer  : Tomcat started on port 8080 (http) with context path ''
2025-02-13T22:16:24.347+05:30  INFO 6708 --- [           main] org.cms.Main                             : Started Main in 1.863 seconds (process running for 2.14)

2025-02-13T16:48:34.598Z - Java Backend PID:13104 Out: 

2025-02-13T16:48:34.600Z - Java Backend PID:13104 Out:   .   ____          _            __ _ _
 /\\ / ___'_ __ _ _(_)_ __  __ _ \ \ \ \
( ( )\___ | '_ | '_| | '_ \/ _` | \ \ \ \
 \\/  ___)| |_)| | | | | || (_| |  ) ) ) )
  '  |____| .__|_| |_|_| |_\__, | / / / /
 =========|_|==============|___/=/_/_/_/

2025-02-13T16:48:34.604Z - Java Backend PID:13104 Out:  :: Spring Boot ::                (v3.2.0)


2025-02-13T16:48:34.644Z - Java Backend PID:13104 Out: 2025-02-13T22:18:34.644+05:30  INFO 10048 --- [           main] org.cms.Main                             : Starting Main using Java 21.0.6 with PID 10048 (D:\Projects\clinic-management-system\backend\out\artifacts\backend_jar\backend.jar started by Dilan Sriyantha in D:\Projects\clinic-management-system)

2025-02-13T16:48:34.646Z - Java Backend PID:13104 Out: 2025-02-13T22:18:34.647+05:30  INFO 10048 --- [           main] org.cms.Main                             : No active profile set, falling back to 1 default profile: "default"

2025-02-13T16:48:35.526Z - Java Backend PID:13104 Out: 2025-02-13T22:18:35.525+05:30  INFO 10048 --- [           main] o.s.b.w.embedded.tomcat.TomcatWebServer  : Tomcat initialized with port 8080 (http)

2025-02-13T16:48:35.536Z - Java Backend PID:13104 Out: 2025-02-13T22:18:35.535+05:30  INFO 10048 --- [           main] o.apache.catalina.core.StandardService   : Starting service [Tomcat]

2025-02-13T16:48:35.536Z - Java Backend PID:13104 Out: 2025-02-13T22:18:35.536+05:30  INFO 10048 --- [           main] o.apache.catalina.core.StandardEngine    : Starting Servlet engine: [Apache Tomcat/10.1.16]

2025-02-13T16:48:35.624Z - Java Backend PID:13104 Out: 2025-02-13T22:18:35.624+05:30  INFO 10048 --- [           main] o.a.c.c.C.[Tomcat].[localhost].[/]       : Initializing Spring embedded WebApplicationContext

2025-02-13T16:48:35.626Z - Java Backend PID:13104 Out: 2025-02-13T22:18:35.625+05:30  INFO 10048 --- [           main] w.s.c.ServletWebServerApplicationContext : Root WebApplicationContext: initialization completed in 942 ms

2025-02-13T16:48:36.044Z - Java Backend PID:13104 Out: 2025-02-13T22:18:36.045+05:30  INFO 10048 --- [           main] o.s.b.w.embedded.tomcat.TomcatWebServer  : Tomcat started on port 8080 (http) with context path ''

2025-02-13T16:48:44.709Z - Java Backend PID:13104 Out: 2025-02-13T22:18:36.048+05:30  INFO 10048 --- [           main] org.cms.Main                             : Started Main in 1.71 seconds (process running for 2.035)

2025-02-13T16:49:30.132Z - Java Backend PID:16656 Out: 
  .   ____          _            __ _ _
 /\\ / ___'_ __ _ _(_)_ __  __ _ \ \ \ \

2025-02-13T16:49:30.139Z - Java Backend PID:16656 Out: ( ( )\___ | '_ | '_| | '_ \/ _` | \ \ \ \
 \\/  ___)| |_)| | | | | || (_| |  ) ) ) )
  '  |____| .__|_| |_|_| |_\__, | / / / /
 =========|_|==============|___/=/_/_/_/
 :: Spring Boot ::                (v3.2.0)


2025-02-13T16:49:30.194Z - Java Backend PID:16656 Out: 2025-02-13T22:19:30.193+05:30  INFO 456 --- [           main] org.cms.Main                             : Starting Main using Java 21.0.6 with PID 456 (D:\Projects\clinic-management-system\backend\out\artifacts\backend_jar\backend.jar started by Dilan Sriyantha in D:\Projects\clinic-management-system)

2025-02-13T16:49:30.196Z - Java Backend PID:16656 Out: 2025-02-13T22:19:30.196+05:30  INFO 456 --- [           main] org.cms.Main                             : No active profile set, falling back to 1 default profile: "default"

2025-02-13T16:49:31.441Z - Java Backend PID:16656 Out: 2025-02-13T22:19:31.441+05:30  INFO 456 --- [           main] o.s.b.w.embedded.tomcat.TomcatWebServer  : Tomcat initialized with port 8080 (http)

2025-02-13T16:49:31.453Z - Java Backend PID:16656 Out: 2025-02-13T22:19:31.454+05:30  INFO 456 --- [           main] o.apache.catalina.core.StandardService   : Starting service [Tomcat]

2025-02-13T16:49:31.454Z - Java Backend PID:16656 Out: 2025-02-13T22:19:31.454+05:30  INFO 456 --- [           main] o.apache.catalina.core.StandardEngine    : Starting Servlet engine: [Apache Tomcat/10.1.16]

2025-02-13T16:49:31.559Z - Java Backend PID:16656 Out: 2025-02-13T22:19:31.559+05:30  INFO 456 --- [           main] o.a.c.c.C.[Tomcat].[localhost].[/]       : Initializing Spring embedded WebApplicationContext

2025-02-13T16:49:31.561Z - Java Backend PID:16656 Out: 2025-02-13T22:19:31.561+05:30  INFO 456 --- [           main] w.s.c.ServletWebServerApplicationContext : Root WebApplicationContext: initialization completed in 1322 ms

2025-02-13T16:49:32.013Z - Java Backend PID:16656 Out: 2025-02-13T22:19:32.013+05:30  INFO 456 --- [           main] o.s.b.w.embedded.tomcat.TomcatWebServer  : Tomcat started on port 8080 (http) with context path ''

2025-02-13T16:49:32.024Z - Java Backend PID:16656 Out: 2025-02-13T22:19:32.016+05:30  INFO 456 --- [           main] org.cms.Main                             : Started Main in 2.251 seconds (process running for 2.672)

2025-02-13T16:49:32.739Z - Java Backend PID:16656 Out: 2025-02-13T22:19:32.738+05:30  INFO 456 --- [nio-8080-exec-1] o.a.c.c.C.[Tomcat].[localhost].[/]       : Initializing Spring DispatcherServlet 'dispatcherServlet'

2025-02-13T16:49:32.741Z - Java Backend PID:16656 Out: 2025-02-13T22:19:32.739+05:30  INFO 456 --- [nio-8080-exec-1] o.s.web.servlet.DispatcherServlet        : Initializing Servlet 'dispatcherServlet'

2025-02-13T16:49:32.745Z - Java Backend PID:16656 Out: 2025-02-13T22:19:32.741+05:30  INFO 456 --- [nio-8080-exec-1] o.s.web.servlet.DispatcherServlet        : Completed initialization in 2 ms

2025-02-13T16:51:29.319Z - Java Backend PID:11872 Out: 
  .   ____          _            __ _ _
 /\\ / ___'_ __ _ _(_)_ __  __ _ \ \ \ \
( ( )\___ | '_ | '_| | '_ \/ _` | \ \ \ \
 \\/  ___)| |_)| | | | | || (_| |  ) ) ) )
  '  |____| .__|_| |_|_| |_\__, | / / / /
 =========|_|==============|___/=/_/_/_/

2025-02-13T16:51:29.322Z - Java Backend PID:11872 Out:  :: Spring Boot ::                (v3.2.0)


2025-02-13T16:51:29.365Z - Java Backend PID:11872 Out: 2025-02-13T22:21:29.364+05:30  INFO 10416 --- [           main] org.cms.Main                             : Starting Main using Java 21.0.6 with PID 10416 (D:\Projects\clinic-management-system\backend\out\artifacts\backend_jar\backend.jar started by Dilan Sriyantha in D:\Projects\clinic-management-system)

2025-02-13T16:51:29.367Z - Java Backend PID:11872 Out: 2025-02-13T22:21:29.367+05:30  INFO 10416 --- [           main] org.cms.Main                             : No active profile set, falling back to 1 default profile: "default"

2025-02-13T16:51:30.591Z - Java Backend PID:11872 Out: 2025-02-13T22:21:30.590+05:30  INFO 10416 --- [           main] o.s.b.w.embedded.tomcat.TomcatWebServer  : Tomcat initialized with port 8080 (http)

2025-02-13T16:51:30.599Z - Java Backend PID:11872 Out: 2025-02-13T22:21:30.599+05:30  INFO 10416 --- [           main] o.apache.catalina.core.StandardService   : Starting service [Tomcat]

2025-02-13T16:51:30.601Z - Java Backend PID:11872 Out: 2025-02-13T22:21:30.599+05:30  INFO 10416 --- [           main] o.apache.catalina.core.StandardEngine    : Starting Servlet engine: [Apache Tomcat/10.1.16]

2025-02-13T16:51:30.706Z - Java Backend PID:11872 Out: 2025-02-13T22:21:30.706+05:30  INFO 10416 --- [           main] o.a.c.c.C.[Tomcat].[localhost].[/]       : Initializing Spring embedded WebApplicationContext

2025-02-13T16:51:30.708Z - Java Backend PID:11872 Out: 2025-02-13T22:21:30.707+05:30  INFO 10416 --- [           main] w.s.c.ServletWebServerApplicationContext : Root WebApplicationContext: initialization completed in 1306 ms

2025-02-13T16:51:31.156Z - Java Backend PID:11872 Out: 2025-02-13T22:21:31.156+05:30  INFO 10416 --- [           main] o.s.b.w.embedded.tomcat.TomcatWebServer  : Tomcat started on port 8080 (http) with context path ''

2025-02-13T16:51:31.167Z - Java Backend PID:11872 Out: 2025-02-13T22:21:31.167+05:30  INFO 10416 --- [           main] org.cms.Main                             : Started Main in 2.083 seconds (process running for 2.399)

2025-02-13T16:51:31.875Z - Java Backend PID:11872 Out: 2025-02-13T22:21:31.874+05:30  INFO 10416 --- [nio-8080-exec-1] o.a.c.c.C.[Tomcat].[localhost].[/]       : Initializing Spring DispatcherServlet 'dispatcherServlet'

2025-02-13T16:51:31.877Z - Java Backend PID:11872 Out: 2025-02-13T22:21:31.875+05:30  INFO 10416 --- [nio-8080-exec-1] o.s.web.servlet.DispatcherServlet        : Initializing Servlet 'dispatcherServlet'

2025-02-13T16:51:31.878Z - Java Backend PID:11872 Out: 2025-02-13T22:21:31.877+05:30  INFO 10416 --- [nio-8080-exec-1] o.s.web.servlet.DispatcherServlet        : Completed initialization in 2 ms

2025-02-13T17:31:56.472Z - Java Backend PID:18288 Out: 
  .   ____          _            __ _ _
 /\\ / ___'_ __ _ _(_)_ __  __ _ \ \ \ \
( ( )\___ | '_ | '_| | '_ \/ _` | \ \ \ \
 \\/  ___)| |_)| | | | | || (_| |  ) ) ) )
  '  |____| .__|_| |_|_| |_\__, | / / / /
 =========|_|==============|___/=/_/_/_/

2025-02-13T17:31:56.476Z - Java Backend PID:18288 Out:  :: Spring Boot ::                (v3.2.0)


2025-02-13T17:31:56.517Z - Java Backend PID:18288 Out: 2025-02-13T23:01:56.515+05:30  INFO 13400 --- [           main] org.cms.Main                             : Starting Main using Java 21.0.6 with PID 13400 (D:\Projects\clinic-management-system\backend\out\artifacts\backend_jar\backend.jar started by Dilan Sriyantha in D:\Projects\clinic-management-system)

2025-02-13T17:31:56.518Z - Java Backend PID:18288 Out: 2025-02-13T23:01:56.518+05:30  INFO 13400 --- [           main] org.cms.Main                             : No active profile set, falling back to 1 default profile: "default"

2025-02-13T17:31:57.799Z - Java Backend PID:18288 Out: 2025-02-13T23:01:57.799+05:30  INFO 13400 --- [           main] o.s.b.w.embedded.tomcat.TomcatWebServer  : Tomcat initialized with port 8080 (http)

2025-02-13T17:31:57.810Z - Java Backend PID:18288 Out: 2025-02-13T23:01:57.810+05:30  INFO 13400 --- [           main] o.apache.catalina.core.StandardService   : Starting service [Tomcat]

2025-02-13T17:31:57.810Z - Java Backend PID:18288 Out: 2025-02-13T23:01:57.810+05:30  INFO 13400 --- [           main] o.apache.catalina.core.StandardEngine    : Starting Servlet engine: [Apache Tomcat/10.1.16]

2025-02-13T17:31:57.916Z - Java Backend PID:18288 Out: 2025-02-13T23:01:57.916+05:30  INFO 13400 --- [           main] o.a.c.c.C.[Tomcat].[localhost].[/]       : Initializing Spring embedded WebApplicationContext

2025-02-13T17:31:57.918Z - Java Backend PID:18288 Out: 2025-02-13T23:01:57.918+05:30  INFO 13400 --- [           main] w.s.c.ServletWebServerApplicationContext : Root WebApplicationContext: initialization completed in 1367 ms

2025-02-13T17:31:58.346Z - Java Backend PID:18288 Out: 2025-02-13T23:01:58.346+05:30  INFO 13400 --- [           main] o.s.b.w.embedded.tomcat.TomcatWebServer  : Tomcat started on port 8080 (http) with context path ''

2025-02-13T17:31:58.352Z - Java Backend PID:18288 Out: 2025-02-13T23:01:58.352+05:30  INFO 13400 --- [           main] org.cms.Main                             : Started Main in 2.098 seconds (process running for 2.408)

2025-02-13T17:31:59.023Z - Java Backend PID:18288 Out: 2025-02-13T23:01:59.023+05:30  INFO 13400 --- [nio-8080-exec-1] o.a.c.c.C.[Tomcat].[localhost].[/]       : Initializing Spring DispatcherServlet 'dispatcherServlet'

2025-02-13T17:31:59.024Z - Java Backend PID:18288 Out: 2025-02-13T23:01:59.023+05:30  INFO 13400 --- [nio-8080-exec-1] o.s.web.servlet.DispatcherServlet        : Initializing Servlet 'dispatcherServlet'

2025-02-13T17:31:59.027Z - Java Backend PID:18288 Out: 2025-02-13T23:01:59.026+05:30  INFO 13400 --- [nio-8080-exec-1] o.s.web.servlet.DispatcherServlet        : Completed initialization in 3 ms

2025-02-13T17:55:56.616Z - Java Backend PID:17048 Out: 
  .   ____          _            __ _ _
 /\\ / ___'_ __ _ _(_)_ __  __ _ \ \ \ \
( ( )\___ | '_ | '_| | '_ \/ _` | \ \ \ \

2025-02-13T17:55:56.619Z - Java Backend PID:17048 Out:  \\/  ___)| |_)| | | | | || (_| |  ) ) ) )
  '  |____| .__|_| |_|_| |_\__, | / / / /
 =========|_|==============|___/=/_/_/_/

2025-02-13T17:55:56.622Z - Java Backend PID:17048 Out:  :: Spring Boot ::                (v3.2.0)


2025-02-13T17:55:56.677Z - Java Backend PID:17048 Out: 2025-02-13T23:25:56.675+05:30  INFO 8908 --- [           main] org.cms.Main                             : Starting Main using Java 21.0.6 with PID 8908 (D:\Projects\clinic-management-system\backend\out\artifacts\backend_jar\backend.jar started by Dilan Sriyantha in D:\Projects\clinic-management-system)

2025-02-13T17:55:56.679Z - Java Backend PID:17048 Out: 2025-02-13T23:25:56.679+05:30  INFO 8908 --- [           main] org.cms.Main                             : No active profile set, falling back to 1 default profile: "default"

2025-02-13T17:55:57.997Z - Java Backend PID:17048 Out: 2025-02-13T23:25:57.996+05:30  INFO 8908 --- [           main] o.s.b.w.embedded.tomcat.TomcatWebServer  : Tomcat initialized with port 8080 (http)

2025-02-13T17:55:58.009Z - Java Backend PID:17048 Out: 2025-02-13T23:25:58.009+05:30  INFO 8908 --- [           main] o.apache.catalina.core.StandardService   : Starting service [Tomcat]

2025-02-13T17:55:58.010Z - Java Backend PID:17048 Out: 2025-02-13T23:25:58.009+05:30  INFO 8908 --- [           main] o.apache.catalina.core.StandardEngine    : Starting Servlet engine: [Apache Tomcat/10.1.16]

2025-02-13T17:55:58.127Z - Java Backend PID:17048 Out: 2025-02-13T23:25:58.126+05:30  INFO 8908 --- [           main] o.a.c.c.C.[Tomcat].[localhost].[/]       : Initializing Spring embedded WebApplicationContext

2025-02-13T17:55:58.129Z - Java Backend PID:17048 Out: 2025-02-13T23:25:58.129+05:30  INFO 8908 --- [           main] w.s.c.ServletWebServerApplicationContext : Root WebApplicationContext: initialization completed in 1405 ms

2025-02-13T17:55:58.639Z - Java Backend PID:17048 Out: 2025-02-13T23:25:58.639+05:30  INFO 8908 --- [           main] o.s.b.w.embedded.tomcat.TomcatWebServer  : Tomcat started on port 8080 (http) with context path ''

2025-02-13T17:55:58.660Z - Java Backend PID:17048 Out: 2025-02-13T23:25:58.659+05:30  INFO 8908 --- [           main] org.cms.Main                             : Started Main in 2.361 seconds (process running for 2.739)

2025-02-13T17:55:59.502Z - Java Backend PID:17048 Out: 2025-02-13T23:25:59.501+05:30  INFO 8908 --- [nio-8080-exec-1] o.a.c.c.C.[Tomcat].[localhost].[/]       : Initializing Spring DispatcherServlet 'dispatcherServlet'

2025-02-13T17:55:59.513Z - Java Backend PID:17048 Out: 2025-02-13T23:25:59.502+05:30  INFO 8908 --- [nio-8080-exec-1] o.s.web.servlet.DispatcherServlet        : Initializing Servlet 'dispatcherServlet'
2025-02-13T23:25:59.504+05:30  INFO 8908 --- [nio-8080-exec-1] o.s.web.servlet.DispatcherServlet        : Completed initialization in 2 ms

2025-02-14T01:21:41.093Z - Java Backend PID:15144 Out: 
  .   ____          _            __ _ _
 /\\ / ___'_ __ _ _(_)_ __  __ _ \ \ \ \
( ( )\___ | '_ | '_| | '_ \/ _` | \ \ \ \
 \\/  ___)| |_)| | | | | || (_| |  ) ) ) )
  '  |____| .__|_| |_|_| |_\__, | / / / /

2025-02-14T01:21:41.137Z - Java Backend PID:15144 Out:  =========|_|==============|___/=/_/_/_/

2025-02-14T01:21:41.184Z - Java Backend PID:15144 Out:  :: Spring Boot ::                (v3.2.0)


2025-02-14T01:21:41.297Z - Java Backend PID:15144 Out: 2025-02-14T06:51:41.297+05:30  INFO 12696 --- [           main] org.cms.Main                             : Starting Main using Java 21.0.2 with PID 12696 (D:\Projects\clinic-management-system\backend\out\artifacts\backend_jar\backend.jar started by DilanSriyantha in D:\Projects\clinic-management-system)

2025-02-14T01:21:41.298Z - Java Backend PID:15144 Out: 2025-02-14T06:51:41.297+05:30  INFO 12696 --- [           main] org.cms.Main                             : No active profile set, falling back to 1 default profile: "default"

2025-02-14T01:21:43.971Z - Java Backend PID:15144 Out: 2025-02-14T06:51:43.973+05:30  INFO 12696 --- [           main] o.s.b.w.embedded.tomcat.TomcatWebServer  : Tomcat initialized with port 8080 (http)

2025-02-14T01:21:44.022Z - Java Backend PID:15144 Out: 2025-02-14T06:51:44.019+05:30  INFO 12696 --- [           main] o.apache.catalina.core.StandardService   : Starting service [Tomcat]

2025-02-14T01:21:44.023Z - Java Backend PID:15144 Out: 2025-02-14T06:51:44.019+05:30  INFO 12696 --- [           main] o.apache.catalina.core.StandardEngine    : Starting Servlet engine: [Apache Tomcat/10.1.16]

2025-02-14T01:21:44.262Z - Java Backend PID:15144 Out: 2025-02-14T06:51:44.254+05:30  INFO 12696 --- [           main] o.a.c.c.C.[Tomcat].[localhost].[/]       : Initializing Spring embedded WebApplicationContext

2025-02-14T01:21:44.264Z - Java Backend PID:15144 Out: 2025-02-14T06:51:44.254+05:30  INFO 12696 --- [           main] w.s.c.ServletWebServerApplicationContext : Root WebApplicationContext: initialization completed in 2885 ms

2025-02-14T01:21:45.320Z - Java Backend PID:15144 Out: 2025-02-14T06:51:45.317+05:30  INFO 12696 --- [           main] o.s.b.w.embedded.tomcat.TomcatWebServer  : Tomcat started on port 8080 (http) with context path ''

2025-02-14T01:21:45.459Z - Java Backend PID:15144 Out: 2025-02-14T06:51:45.317+05:30  INFO 12696 --- [           main] org.cms.Main                             : Started Main in 5.362 seconds (process running for 8.856)

2025-02-14T01:21:58.941Z - Java Backend PID:15144 Out: 2025-02-14T06:51:58.934+05:30  INFO 12696 --- [nio-8080-exec-1] o.a.c.c.C.[Tomcat].[localhost].[/]       : Initializing Spring DispatcherServlet 'dispatcherServlet'

2025-02-14T01:21:58.942Z - Java Backend PID:15144 Out: 2025-02-14T06:51:58.934+05:30  INFO 12696 --- [nio-8080-exec-1] o.s.web.servlet.DispatcherServlet        : Initializing Servlet 'dispatcherServlet'

2025-02-14T01:21:58.943Z - Java Backend PID:15144 Out: 2025-02-14T06:51:58.934+05:30  INFO 12696 --- [nio-8080-exec-1] o.s.web.servlet.DispatcherServlet        : Completed initialization in 0 ms

2025-02-14T01:23:38.108Z - Java Backend PID:16352 Out: 
  .   ____          _            __ _ _
 /\\ / ___'_ __ _ _(_)_ __  __ _ \ \ \ \
( ( )\___ | '_ | '_| | '_ \/ _` | \ \ \ \
 \\/  ___)| |_)| | | | | || (_| |  ) ) ) )
  '  |____| .__|_| |_|_| |_\__, | / / / /
 =========|_|==============|___/=/_/_/_/

2025-02-14T01:23:38.112Z - Java Backend PID:16352 Out:  :: Spring Boot ::                (v3.2.0)


2025-02-14T01:23:38.172Z - Java Backend PID:16352 Out: 2025-02-14T06:53:38.165+05:30  INFO 16244 --- [           main] org.cms.Main                             : Starting Main using Java 21.0.2 with PID 16244 (D:\Projects\clinic-management-system\backend\out\artifacts\backend_jar\backend.jar started by DilanSriyantha in D:\Projects\clinic-management-system)

2025-02-14T01:23:38.173Z - Java Backend PID:16352 Out: 2025-02-14T06:53:38.165+05:30  INFO 16244 --- [           main] org.cms.Main                             : No active profile set, falling back to 1 default profile: "default"

2025-02-14T01:23:39.209Z - Java Backend PID:16352 Out: 2025-02-14T06:53:39.213+05:30  INFO 16244 --- [           main] o.s.b.w.embedded.tomcat.TomcatWebServer  : Tomcat initialized with port 8080 (http)

2025-02-14T01:23:39.218Z - Java Backend PID:16352 Out: 2025-02-14T06:53:39.213+05:30  INFO 16244 --- [           main] o.apache.catalina.core.StandardService   : Starting service [Tomcat]

2025-02-14T01:23:39.218Z - Java Backend PID:16352 Out: 2025-02-14T06:53:39.213+05:30  INFO 16244 --- [           main] o.apache.catalina.core.StandardEngine    : Starting Servlet engine: [Apache Tomcat/10.1.16]

2025-02-14T01:23:39.323Z - Java Backend PID:16352 Out: 2025-02-14T06:53:39.322+05:30  INFO 16244 --- [           main] o.a.c.c.C.[Tomcat].[localhost].[/]       : Initializing Spring embedded WebApplicationContext

2025-02-14T01:23:39.324Z - Java Backend PID:16352 Out: 2025-02-14T06:53:39.322+05:30  INFO 16244 --- [           main] w.s.c.ServletWebServerApplicationContext : Root WebApplicationContext: initialization completed in 1110 ms

2025-02-14T01:23:39.779Z - Java Backend PID:16352 Out: 2025-02-14T06:53:39.776+05:30  INFO 16244 --- [           main] o.s.b.w.embedded.tomcat.TomcatWebServer  : Tomcat started on port 8080 (http) with context path ''

2025-02-14T01:23:39.784Z - Java Backend PID:16352 Out: 2025-02-14T06:53:39.776+05:30  INFO 16244 --- [           main] org.cms.Main                             : Started Main in 1.939 seconds (process running for 2.237)

2025-02-14T01:23:40.488Z - Java Backend PID:16352 Out: 2025-02-14T06:53:40.482+05:30  INFO 16244 --- [nio-8080-exec-1] o.a.c.c.C.[Tomcat].[localhost].[/]       : Initializing Spring DispatcherServlet 'dispatcherServlet'

2025-02-14T01:23:40.489Z - Java Backend PID:16352 Out: 2025-02-14T06:53:40.482+05:30  INFO 16244 --- [nio-8080-exec-1] o.s.web.servlet.DispatcherServlet        : Initializing Servlet 'dispatcherServlet'

2025-02-14T01:23:40.490Z - Java Backend PID:16352 Out: 2025-02-14T06:53:40.482+05:30  INFO 16244 --- [nio-8080-exec-1] o.s.web.servlet.DispatcherServlet        : Completed initialization in 0 ms

2025-02-14T01:23:59.478Z - Java Backend PID:13488 Out: 
  .   ____          _            __ _ _
 /\\ / ___'_ __ _ _(_)_ __  __ _ \ \ \ \
( ( )\___ | '_ | '_| | '_ \/ _` | \ \ \ \
 \\/  ___)| |_)| | | | | || (_| |  ) ) ) )
  '  |____| .__|_| |_|_| |_\__, | / / / /
 =========|_|==============|___/=/_/_/_/

2025-02-14T01:23:59.482Z - Java Backend PID:13488 Out:  :: Spring Boot ::                (v3.2.0)


2025-02-14T01:23:59.544Z - Java Backend PID:13488 Out: 2025-02-14T06:53:59.542+05:30  INFO 16684 --- [           main] org.cms.Main                             : Starting Main using Java 21.0.2 with PID 16684 (D:\Projects\clinic-management-system\backend\out\artifacts\backend_jar\backend.jar started by DilanSriyantha in D:\Projects\clinic-management-system)

2025-02-14T01:23:59.546Z - Java Backend PID:13488 Out: 2025-02-14T06:53:59.542+05:30  INFO 16684 --- [           main] org.cms.Main                             : No active profile set, falling back to 1 default profile: "default"

2025-02-14T01:24:00.708Z - Java Backend PID:13488 Out: 2025-02-14T06:54:00.706+05:30  INFO 16684 --- [           main] o.s.b.w.embedded.tomcat.TomcatWebServer  : Tomcat initialized with port 8080 (http)

2025-02-14T01:24:00.719Z - Java Backend PID:13488 Out: 2025-02-14T06:54:00.716+05:30  INFO 16684 --- [           main] o.apache.catalina.core.StandardService   : Starting service [Tomcat]

2025-02-14T01:24:00.720Z - Java Backend PID:13488 Out: 2025-02-14T06:54:00.716+05:30  INFO 16684 --- [           main] o.apache.catalina.core.StandardEngine    : Starting Servlet engine: [Apache Tomcat/10.1.16]

2025-02-14T01:24:00.824Z - Java Backend PID:13488 Out: 2025-02-14T06:54:00.823+05:30  INFO 16684 --- [           main] o.a.c.c.C.[Tomcat].[localhost].[/]       : Initializing Spring embedded WebApplicationContext

2025-02-14T01:24:00.826Z - Java Backend PID:13488 Out: 2025-02-14T06:54:00.825+05:30  INFO 16684 --- [           main] w.s.c.ServletWebServerApplicationContext : Root WebApplicationContext: initialization completed in 1238 ms

2025-02-14T01:24:01.331Z - Java Backend PID:13488 Out: 2025-02-14T06:54:01.316+05:30  INFO 16684 --- [           main] o.s.b.w.embedded.tomcat.TomcatWebServer  : Tomcat started on port 8080 (http) with context path ''

2025-02-14T01:24:01.336Z - Java Backend PID:13488 Out: 2025-02-14T06:54:01.331+05:30  INFO 16684 --- [           main] org.cms.Main                             : Started Main in 2.15 seconds (process running for 2.47)

2025-02-14T01:24:02.075Z - Java Backend PID:13488 Out: 2025-02-14T06:54:02.063+05:30  INFO 16684 --- [nio-8080-exec-1] o.a.c.c.C.[Tomcat].[localhost].[/]       : Initializing Spring DispatcherServlet 'dispatcherServlet'

2025-02-14T01:24:02.076Z - Java Backend PID:13488 Out: 2025-02-14T06:54:02.063+05:30  INFO 16684 --- [nio-8080-exec-1] o.s.web.servlet.DispatcherServlet        : Initializing Servlet 'dispatcherServlet'

2025-02-14T01:24:02.078Z - Java Backend PID:13488 Out: 2025-02-14T06:54:02.076+05:30  INFO 16684 --- [nio-8080-exec-1] o.s.web.servlet.DispatcherServlet        : Completed initialization in 1 ms

2025-02-14T01:32:23.501Z - Java Backend PID:12256 Out: 
  .   ____          _            __ _ _
 /\\ / ___'_ __ _ _(_)_ __  __ _ \ \ \ \
( ( )\___ | '_ | '_| | '_ \/ _` | \ \ \ \

2025-02-14T01:32:23.503Z - Java Backend PID:12256 Out:  \\/  ___)| |_)| | | | | || (_| |  ) ) ) )
  '  |____| .__|_| |_|_| |_\__, | / / / /
 =========|_|==============|___/=/_/_/_/

2025-02-14T01:32:23.505Z - Java Backend PID:12256 Out:  :: Spring Boot ::                (v3.2.0)


2025-02-14T01:32:23.565Z - Java Backend PID:12256 Out: 2025-02-14T07:02:23.571+05:30  INFO 4692 --- [           main] org.cms.Main                             : Starting Main using Java 21.0.2 with PID 4692 (D:\Projects\clinic-management-system\backend\out\artifacts\backend_jar\backend.jar started by DilanSriyantha in D:\Projects\clinic-management-system)

2025-02-14T01:32:23.568Z - Java Backend PID:12256 Out: 2025-02-14T07:02:23.579+05:30  INFO 4692 --- [           main] org.cms.Main                             : No active profile set, falling back to 1 default profile: "default"

2025-02-14T01:32:24.636Z - Java Backend PID:12256 Out: 2025-02-14T07:02:24.647+05:30  INFO 4692 --- [           main] o.s.b.w.embedded.tomcat.TomcatWebServer  : Tomcat initialized with port 8080 (http)

2025-02-14T01:32:24.648Z - Java Backend PID:12256 Out: 2025-02-14T07:02:24.659+05:30  INFO 4692 --- [           main] o.apache.catalina.core.StandardService   : Starting service [Tomcat]

2025-02-14T01:32:24.649Z - Java Backend PID:12256 Out: 2025-02-14T07:02:24.659+05:30  INFO 4692 --- [           main] o.apache.catalina.core.StandardEngine    : Starting Servlet engine: [Apache Tomcat/10.1.16]

2025-02-14T01:32:24.758Z - Java Backend PID:12256 Out: 2025-02-14T07:02:24.770+05:30  INFO 4692 --- [           main] o.a.c.c.C.[Tomcat].[localhost].[/]       : Initializing Spring embedded WebApplicationContext

2025-02-14T01:32:24.760Z - Java Backend PID:12256 Out: 2025-02-14T07:02:24.771+05:30  INFO 4692 --- [           main] w.s.c.ServletWebServerApplicationContext : Root WebApplicationContext: initialization completed in 1153 ms

2025-02-14T01:32:25.233Z - Java Backend PID:12256 Out: 2025-02-14T07:02:25.245+05:30  INFO 4692 --- [           main] o.s.b.w.embedded.tomcat.TomcatWebServer  : Tomcat started on port 8080 (http) with context path ''

2025-02-14T01:32:25.238Z - Java Backend PID:12256 Out: 2025-02-14T07:02:25.247+05:30  INFO 4692 --- [           main] org.cms.Main                             : Started Main in 2.018 seconds (process running for 2.324)

2025-02-14T01:32:25.940Z - Java Backend PID:12256 Out: 2025-02-14T07:02:25.951+05:30  INFO 4692 --- [nio-8080-exec-1] o.a.c.c.C.[Tomcat].[localhost].[/]       : Initializing Spring DispatcherServlet 'dispatcherServlet'

2025-02-14T01:32:25.941Z - Java Backend PID:12256 Out: 2025-02-14T07:02:25.951+05:30  INFO 4692 --- [nio-8080-exec-1] o.s.web.servlet.DispatcherServlet        : Initializing Servlet 'dispatcherServlet'

2025-02-14T01:32:25.941Z - Java Backend PID:12256 Out: 2025-02-14T07:02:25.952+05:30  INFO 4692 --- [nio-8080-exec-1] o.s.web.servlet.DispatcherServlet        : Completed initialization in 1 ms

2025-02-15T00:59:55.503Z - Java Backend PID:3504 Out: 
  .   ____          _            __ _ _
 /\\ / ___'_ __ _ _(_)_ __  __ _ \ \ \ \
( ( )\___ | '_ | '_| | '_ \/ _` | \ \ \ \
 \\/  ___)| |_)| | | | | || (_| |  ) ) ) )
  '  |____| .__|_| |_|_| |_\__, | / / / /
 =========|_|==============|___/=/_/_/_/

2025-02-15T00:59:55.511Z - Java Backend PID:3504 Out:  :: Spring Boot ::                (v3.2.0)


2025-02-15T00:59:55.744Z - Java Backend PID:3504 Out: 2025-02-15T06:29:55.742+05:30  INFO 2924 --- [           main] org.cms.Main                             : Starting Main using Java 21.0.6 with PID 2924 (D:\Projects\clinic-management-system\backend\out\artifacts\backend_jar\backend.jar started by Dilan Sriyantha in D:\Projects\clinic-management-system)

2025-02-15T00:59:55.747Z - Java Backend PID:3504 Out: 2025-02-15T06:29:55.746+05:30  INFO 2924 --- [           main] org.cms.Main                             : No active profile set, falling back to 1 default profile: "default"

2025-02-15T00:59:57.311Z - Java Backend PID:3504 Out: 2025-02-15T06:29:57.310+05:30  INFO 2924 --- [           main] o.s.b.w.embedded.tomcat.TomcatWebServer  : Tomcat initialized with port 8080 (http)

2025-02-15T00:59:57.340Z - Java Backend PID:3504 Out: 2025-02-15T06:29:57.340+05:30  INFO 2924 --- [           main] o.apache.catalina.core.StandardService   : Starting service [Tomcat]

2025-02-15T00:59:57.341Z - Java Backend PID:3504 Out: 2025-02-15T06:29:57.340+05:30  INFO 2924 --- [           main] o.apache.catalina.core.StandardEngine    : Starting Servlet engine: [Apache Tomcat/10.1.16]

2025-02-15T00:59:57.462Z - Java Backend PID:3504 Out: 2025-02-15T06:29:57.461+05:30  INFO 2924 --- [           main] o.a.c.c.C.[Tomcat].[localhost].[/]       : Initializing Spring embedded WebApplicationContext

2025-02-15T00:59:57.463Z - Java Backend PID:3504 Out: 2025-02-15T06:29:57.463+05:30  INFO 2924 --- [           main] w.s.c.ServletWebServerApplicationContext : Root WebApplicationContext: initialization completed in 1653 ms

2025-02-15T00:59:58.191Z - Java Backend PID:3504 Out: 2025-02-15T06:29:58.190+05:30  INFO 2924 --- [           main] o.s.b.w.embedded.tomcat.TomcatWebServer  : Tomcat started on port 8080 (http) with context path ''

2025-02-15T00:59:58.376Z - Java Backend PID:3504 Out: 2025-02-15T06:29:58.194+05:30  INFO 2924 --- [           main] org.cms.Main                             : Started Main in 3.364 seconds (process running for 8.779)

2025-02-15T01:00:14.218Z - Java Backend PID:3504 Out: 2025-02-15T06:30:14.218+05:30  INFO 2924 --- [nio-8080-exec-1] o.a.c.c.C.[Tomcat].[localhost].[/]       : Initializing Spring DispatcherServlet 'dispatcherServlet'

2025-02-15T01:00:14.220Z - Java Backend PID:3504 Out: 2025-02-15T06:30:14.218+05:30  INFO 2924 --- [nio-8080-exec-1] o.s.web.servlet.DispatcherServlet        : Initializing Servlet 'dispatcherServlet'

2025-02-15T01:00:14.221Z - Java Backend PID:3504 Out: 2025-02-15T06:30:14.221+05:30  INFO 2924 --- [nio-8080-exec-1] o.s.web.servlet.DispatcherServlet        : Completed initialization in 2 ms

2025-02-15T01:14:12.137Z - Java Backend PID:12380 Out: 

2025-02-15T01:14:12.145Z - Java Backend PID:12380 Out:   .   ____          _            __ _ _
 /\\ / ___'_ __ _ _(_)_ __  __ _ \ \ \ \
( ( )\___ | '_ | '_| | '_ \/ _` | \ \ \ \
 \\/  ___)| |_)| | | | | || (_| |  ) ) ) )
  '  |____| .__|_| |_|_| |_\__, | / / / /
 =========|_|==============|___/=/_/_/_/
 :: Spring Boot ::                (v3.2.0)


2025-02-15T01:14:12.209Z - Java Backend PID:12380 Out: 2025-02-15T06:44:12.207+05:30  INFO 12004 --- [           main] org.cms.Main                             : Starting Main using Java 21.0.6 with PID 12004 (D:\Projects\clinic-management-system\backend\out\artifacts\backend_jar\backend.jar started by Dilan Sriyantha in D:\Projects\clinic-management-system)

2025-02-15T01:14:12.211Z - Java Backend PID:12380 Out: 2025-02-15T06:44:12.210+05:30  INFO 12004 --- [           main] org.cms.Main                             : No active profile set, falling back to 1 default profile: "default"

2025-02-15T01:14:13.705Z - Java Backend PID:12380 Out: 2025-02-15T06:44:13.704+05:30  INFO 12004 --- [           main] o.s.b.w.embedded.tomcat.TomcatWebServer  : Tomcat initialized with port 8080 (http)

2025-02-15T01:14:13.716Z - Java Backend PID:12380 Out: 2025-02-15T06:44:13.716+05:30  INFO 12004 --- [           main] o.apache.catalina.core.StandardService   : Starting service [Tomcat]

2025-02-15T01:14:13.719Z - Java Backend PID:12380 Out: 2025-02-15T06:44:13.716+05:30  INFO 12004 --- [           main] o.apache.catalina.core.StandardEngine    : Starting Servlet engine: [Apache Tomcat/10.1.16]

2025-02-15T01:14:13.836Z - Java Backend PID:12380 Out: 2025-02-15T06:44:13.835+05:30  INFO 12004 --- [           main] o.a.c.c.C.[Tomcat].[localhost].[/]       : Initializing Spring embedded WebApplicationContext

2025-02-15T01:14:13.837Z - Java Backend PID:12380 Out: 2025-02-15T06:44:13.836+05:30  INFO 12004 --- [           main] w.s.c.ServletWebServerApplicationContext : Root WebApplicationContext: initialization completed in 1560 ms

2025-02-15T01:14:14.385Z - Java Backend PID:12380 Out: 2025-02-15T06:44:14.385+05:30  INFO 12004 --- [           main] o.s.b.w.embedded.tomcat.TomcatWebServer  : Tomcat started on port 8080 (http) with context path ''

2025-02-15T01:14:14.393Z - Java Backend PID:12380 Out: 2025-02-15T06:44:14.390+05:30  INFO 12004 --- [           main] org.cms.Main                             : Started Main in 2.637 seconds (process running for 3.11)

2025-02-15T01:14:16.082Z - Java Backend PID:12380 Out: 2025-02-15T06:44:16.081+05:30  INFO 12004 --- [nio-8080-exec-2] o.a.c.c.C.[Tomcat].[localhost].[/]       : Initializing Spring DispatcherServlet 'dispatcherServlet'

2025-02-15T01:14:16.082Z - Java Backend PID:12380 Out: 2025-02-15T06:44:16.082+05:30  INFO 12004 --- [nio-8080-exec-2] o.s.web.servlet.DispatcherServlet        : Initializing Servlet 'dispatcherServlet'

2025-02-15T01:14:16.086Z - Java Backend PID:12380 Out: 2025-02-15T06:44:16.085+05:30  INFO 12004 --- [nio-8080-exec-2] o.s.web.servlet.DispatcherServlet        : Completed initialization in 3 ms

2025-02-15T01:59:42.789Z - Java Backend PID:7900 Out: 
  .   ____          _            __ _ _
 /\\ / ___'_ __ _ _(_)_ __  __ _ \ \ \ \
( ( )\___ | '_ | '_| | '_ \/ _` | \ \ \ \
 \\/  ___)| |_)| | | | | || (_| |  ) ) ) )

2025-02-15T01:59:42.792Z - Java Backend PID:7900 Out:   '  |____| .__|_| |_|_| |_\__, | / / / /
 =========|_|==============|___/=/_/_/_/

2025-02-15T01:59:42.873Z - Java Backend PID:7900 Out:  :: Spring Boot ::                (v3.2.0)


2025-02-15T01:59:42.992Z - Java Backend PID:7900 Out: 2025-02-15T07:29:42.990+05:30  INFO 5956 --- [           main] org.cms.Main                             : Starting Main using Java 21.0.2 with PID 5956 (D:\Projects\clinic-management-system\backend\out\artifacts\backend_jar\backend.jar started by DilanSriyantha in D:\Projects\clinic-management-system)

2025-02-15T01:59:42.994Z - Java Backend PID:7900 Out: 2025-02-15T07:29:42.993+05:30  INFO 5956 --- [           main] org.cms.Main                             : No active profile set, falling back to 1 default profile: "default"

2025-02-15T01:59:44.765Z - Java Backend PID:7900 Out: 2025-02-15T07:29:44.763+05:30  INFO 5956 --- [           main] o.s.b.w.embedded.tomcat.TomcatWebServer  : Tomcat initialized with port 8080 (http)

2025-02-15T01:59:44.792Z - Java Backend PID:7900 Out: 2025-02-15T07:29:44.791+05:30  INFO 5956 --- [           main] o.apache.catalina.core.StandardService   : Starting service [Tomcat]

2025-02-15T01:59:44.793Z - Java Backend PID:7900 Out: 2025-02-15T07:29:44.792+05:30  INFO 5956 --- [           main] o.apache.catalina.core.StandardEngine    : Starting Servlet engine: [Apache Tomcat/10.1.16]

2025-02-15T01:59:45.010Z - Java Backend PID:7900 Out: 2025-02-15T07:29:45.009+05:30  INFO 5956 --- [           main] o.a.c.c.C.[Tomcat].[localhost].[/]       : Initializing Spring embedded WebApplicationContext

2025-02-15T01:59:45.012Z - Java Backend PID:7900 Out: 2025-02-15T07:29:45.011+05:30  INFO 5956 --- [           main] w.s.c.ServletWebServerApplicationContext : Root WebApplicationContext: initialization completed in 1918 ms

2025-02-15T01:59:45.642Z - Java Backend PID:7900 Out: 2025-02-15T07:29:45.642+05:30  INFO 5956 --- [           main] o.s.b.w.embedded.tomcat.TomcatWebServer  : Tomcat started on port 8080 (http) with context path ''

2025-02-15T01:59:45.775Z - Java Backend PID:7900 Out: 2025-02-15T07:29:45.644+05:30  INFO 5956 --- [           main] org.cms.Main                             : Started Main in 3.744 seconds (process running for 7.748)

2025-02-15T02:00:07.399Z - Java Backend PID:7900 Out: 2025-02-15T07:30:07.398+05:30  INFO 5956 --- [nio-8080-exec-1] o.a.c.c.C.[Tomcat].[localhost].[/]       : Initializing Spring DispatcherServlet 'dispatcherServlet'

2025-02-15T02:00:07.400Z - Java Backend PID:7900 Out: 2025-02-15T07:30:07.398+05:30  INFO 5956 --- [nio-8080-exec-1] o.s.web.servlet.DispatcherServlet        : Initializing Servlet 'dispatcherServlet'

2025-02-15T02:00:07.401Z - Java Backend PID:7900 Out: 2025-02-15T07:30:07.399+05:30  INFO 5956 --- [nio-8080-exec-1] o.s.web.servlet.DispatcherServlet        : Completed initialization in 1 ms

2025-02-15T03:27:46.302Z - Java Backend PID:18888 Out: 
  .   ____          _            __ _ _
 /\\ / ___'_ __ _ _(_)_ __  __ _ \ \ \ \
( ( )\___ | '_ | '_| | '_ \/ _` | \ \ \ \
 \\/  ___)| |_)| | | | | || (_| |  ) ) ) )

2025-02-15T03:27:46.312Z - Java Backend PID:18888 Out:   '  |____| .__|_| |_|_| |_\__, | / / / /
 =========|_|==============|___/=/_/_/_/
 :: Spring Boot ::                (v3.2.0)


2025-02-15T03:27:46.396Z - Java Backend PID:18888 Out: 2025-02-15T08:57:46.394+05:30  INFO 10056 --- [           main] org.cms.Main                             : Starting Main using Java 21.0.2 with PID 10056 (D:\Projects\clinic-management-system\backend\out\artifacts\backend_jar\backend.jar started by DilanSriyantha in D:\Projects\clinic-management-system)

2025-02-15T03:27:46.399Z - Java Backend PID:18888 Out: 2025-02-15T08:57:46.398+05:30  INFO 10056 --- [           main] org.cms.Main                             : No active profile set, falling back to 1 default profile: "default"

2025-02-15T03:27:47.631Z - Java Backend PID:18888 Out: 2025-02-15T08:57:47.631+05:30  INFO 10056 --- [           main] o.s.b.w.embedded.tomcat.TomcatWebServer  : Tomcat initialized with port 8080 (http)

2025-02-15T03:27:47.643Z - Java Backend PID:18888 Out: 2025-02-15T08:57:47.643+05:30  INFO 10056 --- [           main] o.apache.catalina.core.StandardService   : Starting service [Tomcat]

2025-02-15T03:27:47.643Z - Java Backend PID:18888 Out: 2025-02-15T08:57:47.643+05:30  INFO 10056 --- [           main] o.apache.catalina.core.StandardEngine    : Starting Servlet engine: [Apache Tomcat/10.1.16]

2025-02-15T03:27:47.744Z - Java Backend PID:18888 Out: 2025-02-15T08:57:47.743+05:30  INFO 10056 --- [           main] o.a.c.c.C.[Tomcat].[localhost].[/]       : Initializing Spring embedded WebApplicationContext

2025-02-15T03:27:47.746Z - Java Backend PID:18888 Out: 2025-02-15T08:57:47.745+05:30  INFO 10056 --- [           main] w.s.c.ServletWebServerApplicationContext : Root WebApplicationContext: initialization completed in 1293 ms

2025-02-15T03:27:48.191Z - Java Backend PID:18888 Out: 2025-02-15T08:57:48.191+05:30  INFO 10056 --- [           main] o.s.b.w.embedded.tomcat.TomcatWebServer  : Tomcat started on port 8080 (http) with context path ''

2025-02-15T03:27:48.197Z - Java Backend PID:18888 Out: 2025-02-15T08:57:48.194+05:30  INFO 10056 --- [           main] org.cms.Main                             : Started Main in 2.236 seconds (process running for 2.548)

2025-02-15T03:27:49.163Z - Java Backend PID:18888 Out: 2025-02-15T08:57:49.163+05:30  INFO 10056 --- [nio-8080-exec-1] o.a.c.c.C.[Tomcat].[localhost].[/]       : Initializing Spring DispatcherServlet 'dispatcherServlet'

2025-02-15T03:27:49.164Z - Java Backend PID:18888 Out: 2025-02-15T08:57:49.163+05:30  INFO 10056 --- [nio-8080-exec-1] o.s.web.servlet.DispatcherServlet        : Initializing Servlet 'dispatcherServlet'

2025-02-15T03:27:49.165Z - Java Backend PID:18888 Out: 2025-02-15T08:57:49.164+05:30  INFO 10056 --- [nio-8080-exec-1] o.s.web.servlet.DispatcherServlet        : Completed initialization in 1 ms

2025-02-15T03:28:17.372Z - Java Backend PID:11068 Out: 
  .   ____          _            __ _ _
 /\\ / ___'_ __ _ _(_)_ __  __ _ \ \ \ \
( ( )\___ | '_ | '_| | '_ \/ _` | \ \ \ \
 \\/  ___)| |_)| | | | | || (_| |  ) ) ) )
  '  |____| .__|_| |_|_| |_\__, | / / / /

2025-02-15T03:28:17.374Z - Java Backend PID:11068 Out:  =========|_|==============|___/=/_/_/_/

2025-02-15T03:28:17.376Z - Java Backend PID:11068 Out:  :: Spring Boot ::                (v3.2.0)


2025-02-15T03:28:17.436Z - Java Backend PID:11068 Out: 2025-02-15T08:58:17.435+05:30  INFO 19388 --- [           main] org.cms.Main                             : Starting Main using Java 21.0.2 with PID 19388 (D:\Projects\clinic-management-system\backend\out\artifacts\backend_jar\backend.jar started by DilanSriyantha in D:\Projects\clinic-management-system)

2025-02-15T03:28:17.438Z - Java Backend PID:11068 Out: 2025-02-15T08:58:17.437+05:30  INFO 19388 --- [           main] org.cms.Main                             : No active profile set, falling back to 1 default profile: "default"

2025-02-15T03:28:18.500Z - Java Backend PID:11068 Out: 2025-02-15T08:58:18.499+05:30  INFO 19388 --- [           main] o.s.b.w.embedded.tomcat.TomcatWebServer  : Tomcat initialized with port 8080 (http)

2025-02-15T03:28:18.509Z - Java Backend PID:11068 Out: 2025-02-15T08:58:18.509+05:30  INFO 19388 --- [           main] o.apache.catalina.core.StandardService   : Starting service [Tomcat]

2025-02-15T03:28:18.509Z - Java Backend PID:11068 Out: 2025-02-15T08:58:18.509+05:30  INFO 19388 --- [           main] o.apache.catalina.core.StandardEngine    : Starting Servlet engine: [Apache Tomcat/10.1.16]

2025-02-15T03:28:18.611Z - Java Backend PID:11068 Out: 2025-02-15T08:58:18.611+05:30  INFO 19388 --- [           main] o.a.c.c.C.[Tomcat].[localhost].[/]       : Initializing Spring embedded WebApplicationContext

2025-02-15T03:28:18.613Z - Java Backend PID:11068 Out: 2025-02-15T08:58:18.612+05:30  INFO 19388 --- [           main] w.s.c.ServletWebServerApplicationContext : Root WebApplicationContext: initialization completed in 1133 ms

2025-02-15T03:28:19.091Z - Java Backend PID:11068 Out: 2025-02-15T08:58:19.090+05:30  INFO 19388 --- [           main] o.s.b.w.embedded.tomcat.TomcatWebServer  : Tomcat started on port 8080 (http) with context path ''

2025-02-15T03:28:19.096Z - Java Backend PID:11068 Out: 2025-02-15T08:58:19.093+05:30  INFO 19388 --- [           main] org.cms.Main                             : Started Main in 2.009 seconds (process running for 2.306)

2025-02-15T03:28:20.721Z - Java Backend PID:11068 Out: 2025-02-15T08:58:20.720+05:30  INFO 19388 --- [nio-8080-exec-1] o.a.c.c.C.[Tomcat].[localhost].[/]       : Initializing Spring DispatcherServlet 'dispatcherServlet'

2025-02-15T03:28:20.722Z - Java Backend PID:11068 Out: 2025-02-15T08:58:20.721+05:30  INFO 19388 --- [nio-8080-exec-1] o.s.web.servlet.DispatcherServlet        : Initializing Servlet 'dispatcherServlet'

2025-02-15T03:28:20.723Z - Java Backend PID:11068 Out: 2025-02-15T08:58:20.722+05:30  INFO 19388 --- [nio-8080-exec-1] o.s.web.servlet.DispatcherServlet        : Completed initialization in 1 ms

2025-02-15T03:37:25.090Z - Java Backend PID:20412 Out: 
  .   ____          _            __ _ _
 /\\ / ___'_ __ _ _(_)_ __  __ _ \ \ \ \
( ( )\___ | '_ | '_| | '_ \/ _` | \ \ \ \
 \\/  ___)| |_)| | | | | || (_| |  ) ) ) )
  '  |____| .__|_| |_|_| |_\__, | / / / /
 =========|_|==============|___/=/_/_/_/

2025-02-15T03:37:25.094Z - Java Backend PID:20412 Out:  :: Spring Boot ::                (v3.2.0)


2025-02-15T03:37:25.153Z - Java Backend PID:20412 Out: 2025-02-15T09:07:25.151+05:30  INFO 19720 --- [           main] org.cms.Main                             : Starting Main using Java 21.0.2 with PID 19720 (D:\Projects\clinic-management-system\backend\out\artifacts\backend_jar\backend.jar started by DilanSriyantha in D:\Projects\clinic-management-system)

2025-02-15T03:37:25.154Z - Java Backend PID:20412 Out: 2025-02-15T09:07:25.154+05:30  INFO 19720 --- [           main] org.cms.Main                             : No active profile set, falling back to 1 default profile: "default"

2025-02-15T03:37:26.136Z - Java Backend PID:20412 Out: 2025-02-15T09:07:26.135+05:30  INFO 19720 --- [           main] o.s.b.w.embedded.tomcat.TomcatWebServer  : Tomcat initialized with port 8080 (http)

2025-02-15T03:37:26.145Z - Java Backend PID:20412 Out: 2025-02-15T09:07:26.145+05:30  INFO 19720 --- [           main] o.apache.catalina.core.StandardService   : Starting service [Tomcat]

2025-02-15T03:37:26.146Z - Java Backend PID:20412 Out: 2025-02-15T09:07:26.145+05:30  INFO 19720 --- [           main] o.apache.catalina.core.StandardEngine    : Starting Servlet engine: [Apache Tomcat/10.1.16]

2025-02-15T03:37:26.248Z - Java Backend PID:20412 Out: 2025-02-15T09:07:26.248+05:30  INFO 19720 --- [           main] o.a.c.c.C.[Tomcat].[localhost].[/]       : Initializing Spring embedded WebApplicationContext

2025-02-15T03:37:26.250Z - Java Backend PID:20412 Out: 2025-02-15T09:07:26.249+05:30  INFO 19720 --- [           main] w.s.c.ServletWebServerApplicationContext : Root WebApplicationContext: initialization completed in 1054 ms

2025-02-15T03:37:26.716Z - Java Backend PID:20412 Out: 2025-02-15T09:07:26.715+05:30  INFO 19720 --- [           main] o.s.b.w.embedded.tomcat.TomcatWebServer  : Tomcat started on port 8080 (http) with context path ''

2025-02-15T03:37:26.720Z - Java Backend PID:20412 Out: 2025-02-15T09:07:26.718+05:30  INFO 19720 --- [           main] org.cms.Main                             : Started Main in 1.917 seconds (process running for 2.248)

2025-02-15T03:37:41.134Z - Java Backend PID:20412 Out: 2025-02-15T09:07:41.134+05:30  INFO 19720 --- [nio-8080-exec-1] o.a.c.c.C.[Tomcat].[localhost].[/]       : Initializing Spring DispatcherServlet 'dispatcherServlet'

2025-02-15T03:37:41.134Z - Java Backend PID:20412 Out: 2025-02-15T09:07:41.134+05:30  INFO 19720 --- [nio-8080-exec-1] o.s.web.servlet.DispatcherServlet        : Initializing Servlet 'dispatcherServlet'

2025-02-15T03:37:41.135Z - Java Backend PID:20412 Out: 2025-02-15T09:07:41.135+05:30  INFO 19720 --- [nio-8080-exec-1] o.s.web.servlet.DispatcherServlet        : Completed initialization in 1 ms

2025-02-15T03:46:01.010Z - Java Backend PID:6848 Out: 
  .   ____          _            __ _ _
 /\\ / ___'_ __ _ _(_)_ __  __ _ \ \ \ \
( ( )\___ | '_ | '_| | '_ \/ _` | \ \ \ \
 \\/  ___)| |_)| | | | | || (_| |  ) ) ) )
  '  |____| .__|_| |_|_| |_\__, | / / / /
 =========|_|==============|___/=/_/_/_/

2025-02-15T03:46:01.015Z - Java Backend PID:6848 Out:  :: Spring Boot ::                (v3.2.0)


2025-02-15T03:46:01.073Z - Java Backend PID:6848 Out: 2025-02-15T09:16:01.072+05:30  INFO 1104 --- [           main] org.cms.Main                             : Starting Main using Java 21.0.2 with PID 1104 (D:\Projects\clinic-management-system\backend\out\artifacts\backend_jar\backend.jar started by DilanSriyantha in D:\Projects\clinic-management-system)

2025-02-15T03:46:01.075Z - Java Backend PID:6848 Out: 2025-02-15T09:16:01.075+05:30  INFO 1104 --- [           main] org.cms.Main                             : No active profile set, falling back to 1 default profile: "default"

2025-02-15T03:46:02.135Z - Java Backend PID:6848 Out: 2025-02-15T09:16:02.135+05:30  INFO 1104 --- [           main] o.s.b.w.embedded.tomcat.TomcatWebServer  : Tomcat initialized with port 8080 (http)

2025-02-15T03:46:02.144Z - Java Backend PID:6848 Out: 2025-02-15T09:16:02.144+05:30  INFO 1104 --- [           main] o.apache.catalina.core.StandardService   : Starting service [Tomcat]

2025-02-15T03:46:02.145Z - Java Backend PID:6848 Out: 2025-02-15T09:16:02.145+05:30  INFO 1104 --- [           main] o.apache.catalina.core.StandardEngine    : Starting Servlet engine: [Apache Tomcat/10.1.16]

2025-02-15T03:46:02.244Z - Java Backend PID:6848 Out: 2025-02-15T09:16:02.243+05:30  INFO 1104 --- [           main] o.a.c.c.C.[Tomcat].[localhost].[/]       : Initializing Spring embedded WebApplicationContext

2025-02-15T03:46:02.245Z - Java Backend PID:6848 Out: 2025-02-15T09:16:02.244+05:30  INFO 1104 --- [           main] w.s.c.ServletWebServerApplicationContext : Root WebApplicationContext: initialization completed in 1129 ms

2025-02-15T03:46:02.703Z - Java Backend PID:6848 Out: 2025-02-15T09:16:02.702+05:30  INFO 1104 --- [           main] o.s.b.w.embedded.tomcat.TomcatWebServer  : Tomcat started on port 8080 (http) with context path ''

2025-02-15T03:46:02.711Z - Java Backend PID:6848 Out: 2025-02-15T09:16:02.710+05:30  INFO 1104 --- [           main] org.cms.Main                             : Started Main in 1.982 seconds (process running for 2.284)

2025-02-15T03:46:04.317Z - Java Backend PID:6848 Out: 2025-02-15T09:16:04.316+05:30  INFO 1104 --- [nio-8080-exec-1] o.a.c.c.C.[Tomcat].[localhost].[/]       : Initializing Spring DispatcherServlet 'dispatcherServlet'

2025-02-15T03:46:04.318Z - Java Backend PID:6848 Out: 2025-02-15T09:16:04.317+05:30  INFO 1104 --- [nio-8080-exec-1] o.s.web.servlet.DispatcherServlet        : Initializing Servlet 'dispatcherServlet'

2025-02-15T03:46:04.319Z - Java Backend PID:6848 Out: 2025-02-15T09:16:04.318+05:30  INFO 1104 --- [nio-8080-exec-1] o.s.web.servlet.DispatcherServlet        : Completed initialization in 1 ms

2025-02-15T04:52:47.566Z - Java Backend PID:11568 Out: 
  .   ____          _            __ _ _
 /\\ / ___'_ __ _ _(_)_ __  __ _ \ \ \ \
( ( )\___ | '_ | '_| | '_ \/ _` | \ \ \ \

2025-02-15T04:52:47.568Z - Java Backend PID:11568 Out:  \\/  ___)| |_)| | | | | || (_| |  ) ) ) )
  '  |____| .__|_| |_|_| |_\__, | / / / /
 =========|_|==============|___/=/_/_/_/

2025-02-15T04:52:47.571Z - Java Backend PID:11568 Out:  :: Spring Boot ::                (v3.2.0)


2025-02-15T04:52:47.634Z - Java Backend PID:11568 Out: 2025-02-15T10:22:47.632+05:30  INFO 14728 --- [           main] org.cms.Main                             : Starting Main using Java 21.0.2 with PID 14728 (D:\Projects\clinic-management-system\backend\out\artifacts\backend_jar\backend.jar started by DilanSriyantha in D:\Projects\clinic-management-system)

2025-02-15T04:52:47.636Z - Java Backend PID:11568 Out: 2025-02-15T10:22:47.635+05:30  INFO 14728 --- [           main] org.cms.Main                             : No active profile set, falling back to 1 default profile: "default"

2025-02-15T04:52:48.717Z - Java Backend PID:11568 Out: 2025-02-15T10:22:48.716+05:30  INFO 14728 --- [           main] o.s.b.w.embedded.tomcat.TomcatWebServer  : Tomcat initialized with port 8080 (http)

2025-02-15T04:52:48.727Z - Java Backend PID:11568 Out: 2025-02-15T10:22:48.726+05:30  INFO 14728 --- [           main] o.apache.catalina.core.StandardService   : Starting service [Tomcat]

2025-02-15T04:52:48.727Z - Java Backend PID:11568 Out: 2025-02-15T10:22:48.726+05:30  INFO 14728 --- [           main] o.apache.catalina.core.StandardEngine    : Starting Servlet engine: [Apache Tomcat/10.1.16]

2025-02-15T04:52:48.831Z - Java Backend PID:11568 Out: 2025-02-15T10:22:48.830+05:30  INFO 14728 --- [           main] o.a.c.c.C.[Tomcat].[localhost].[/]       : Initializing Spring embedded WebApplicationContext

2025-02-15T04:52:48.833Z - Java Backend PID:11568 Out: 2025-02-15T10:22:48.832+05:30  INFO 14728 --- [           main] w.s.c.ServletWebServerApplicationContext : Root WebApplicationContext: initialization completed in 1155 ms

2025-02-15T04:52:49.302Z - Java Backend PID:11568 Out: 2025-02-15T10:22:49.301+05:30  INFO 14728 --- [           main] o.s.b.w.embedded.tomcat.TomcatWebServer  : Tomcat started on port 8080 (http) with context path ''

2025-02-15T04:52:49.307Z - Java Backend PID:11568 Out: 2025-02-15T10:22:49.304+05:30  INFO 14728 --- [           main] org.cms.Main                             : Started Main in 2.043 seconds (process running for 2.357)

2025-02-15T04:52:51.004Z - Java Backend PID:11568 Out: 2025-02-15T10:22:51.003+05:30  INFO 14728 --- [nio-8080-exec-1] o.a.c.c.C.[Tomcat].[localhost].[/]       : Initializing Spring DispatcherServlet 'dispatcherServlet'

2025-02-15T04:52:51.005Z - Java Backend PID:11568 Out: 2025-02-15T10:22:51.004+05:30  INFO 14728 --- [nio-8080-exec-1] o.s.web.servlet.DispatcherServlet        : Initializing Servlet 'dispatcherServlet'

2025-02-15T04:52:51.006Z - Java Backend PID:11568 Out: 2025-02-15T10:22:51.005+05:30  INFO 14728 --- [nio-8080-exec-1] o.s.web.servlet.DispatcherServlet        : Completed initialization in 1 ms

2025-02-15T05:24:59.097Z - Java Backend PID:16000 Out: 
  .   ____          _            __ _ _
 /\\ / ___'_ __ _ _(_)_ __  __ _ \ \ \ \
( ( )\___ | '_ | '_| | '_ \/ _` | \ \ \ \
 \\/  ___)| |_)| | | | | || (_| |  ) ) ) )
  '  |____| .__|_| |_|_| |_\__, | / / / /
 =========|_|==============|___/=/_/_/_/

2025-02-15T05:24:59.101Z - Java Backend PID:16000 Out:  :: Spring Boot ::                (v3.2.0)


2025-02-15T05:24:59.162Z - Java Backend PID:16000 Out: 2025-02-15T10:54:59.160+05:30  INFO 18556 --- [           main] org.cms.Main                             : Starting Main using Java 21.0.2 with PID 18556 (D:\Projects\clinic-management-system\backend\out\artifacts\backend_jar\backend.jar started by DilanSriyantha in D:\Projects\clinic-management-system)

2025-02-15T05:24:59.164Z - Java Backend PID:16000 Out: 2025-02-15T10:54:59.163+05:30  INFO 18556 --- [           main] org.cms.Main                             : No active profile set, falling back to 1 default profile: "default"

2025-02-15T05:25:00.300Z - Java Backend PID:16000 Out: 2025-02-15T10:55:00.300+05:30  INFO 18556 --- [           main] o.s.b.w.embedded.tomcat.TomcatWebServer  : Tomcat initialized with port 8080 (http)

2025-02-15T05:25:00.309Z - Java Backend PID:16000 Out: 2025-02-15T10:55:00.309+05:30  INFO 18556 --- [           main] o.apache.catalina.core.StandardService   : Starting service [Tomcat]

2025-02-15T05:25:00.310Z - Java Backend PID:16000 Out: 2025-02-15T10:55:00.309+05:30  INFO 18556 --- [           main] o.apache.catalina.core.StandardEngine    : Starting Servlet engine: [Apache Tomcat/10.1.16]

2025-02-15T05:25:00.415Z - Java Backend PID:16000 Out: 2025-02-15T10:55:00.415+05:30  INFO 18556 --- [           main] o.a.c.c.C.[Tomcat].[localhost].[/]       : Initializing Spring embedded WebApplicationContext

2025-02-15T05:25:00.417Z - Java Backend PID:16000 Out: 2025-02-15T10:55:00.417+05:30  INFO 18556 --- [           main] w.s.c.ServletWebServerApplicationContext : Root WebApplicationContext: initialization completed in 1207 ms

2025-02-15T05:25:00.867Z - Java Backend PID:16000 Out: 2025-02-15T10:55:00.867+05:30  INFO 18556 --- [           main] o.s.b.w.embedded.tomcat.TomcatWebServer  : Tomcat started on port 8080 (http) with context path ''

2025-02-15T05:25:00.872Z - Java Backend PID:16000 Out: 2025-02-15T10:55:00.870+05:30  INFO 18556 --- [           main] org.cms.Main                             : Started Main in 2.071 seconds (process running for 2.368)

2025-02-15T05:25:01.793Z - Java Backend PID:16000 Out: 2025-02-15T10:55:01.793+05:30  INFO 18556 --- [nio-8080-exec-1] o.a.c.c.C.[Tomcat].[localhost].[/]       : Initializing Spring DispatcherServlet 'dispatcherServlet'

2025-02-15T05:25:01.794Z - Java Backend PID:16000 Out: 2025-02-15T10:55:01.793+05:30  INFO 18556 --- [nio-8080-exec-1] o.s.web.servlet.DispatcherServlet        : Initializing Servlet 'dispatcherServlet'

2025-02-15T05:25:01.795Z - Java Backend PID:16000 Out: 2025-02-15T10:55:01.794+05:30  INFO 18556 --- [nio-8080-exec-1] o.s.web.servlet.DispatcherServlet        : Completed initialization in 1 ms

2025-02-15T05:25:26.897Z - Java Backend PID:16728 Out: 
  .   ____          _            __ _ _
 /\\ / ___'_ __ _ _(_)_ __  __ _ \ \ \ \
( ( )\___ | '_ | '_| | '_ \/ _` | \ \ \ \
 \\/  ___)| |_)| | | | | || (_| |  ) ) ) )
  '  |____| .__|_| |_|_| |_\__, | / / / /
 =========|_|==============|___/=/_/_/_/

2025-02-15T05:25:26.901Z - Java Backend PID:16728 Out:  :: Spring Boot ::                (v3.2.0)


2025-02-15T05:25:26.964Z - Java Backend PID:16728 Out: 2025-02-15T10:55:26.962+05:30  INFO 10196 --- [           main] org.cms.Main                             : Starting Main using Java 21.0.2 with PID 10196 (D:\Projects\clinic-management-system\backend\out\artifacts\backend_jar\backend.jar started by DilanSriyantha in D:\Projects\clinic-management-system)

2025-02-15T05:25:26.965Z - Java Backend PID:16728 Out: 2025-02-15T10:55:26.964+05:30  INFO 10196 --- [           main] org.cms.Main                             : No active profile set, falling back to 1 default profile: "default"

2025-02-15T05:25:28.048Z - Java Backend PID:16728 Out: 2025-02-15T10:55:28.047+05:30  INFO 10196 --- [           main] o.s.b.w.embedded.tomcat.TomcatWebServer  : Tomcat initialized with port 8080 (http)

2025-02-15T05:25:28.057Z - Java Backend PID:16728 Out: 2025-02-15T10:55:28.057+05:30  INFO 10196 --- [           main] o.apache.catalina.core.StandardService   : Starting service [Tomcat]

2025-02-15T05:25:28.058Z - Java Backend PID:16728 Out: 2025-02-15T10:55:28.057+05:30  INFO 10196 --- [           main] o.apache.catalina.core.StandardEngine    : Starting Servlet engine: [Apache Tomcat/10.1.16]

2025-02-15T05:25:28.157Z - Java Backend PID:16728 Out: 2025-02-15T10:55:28.157+05:30  INFO 10196 --- [           main] o.a.c.c.C.[Tomcat].[localhost].[/]       : Initializing Spring embedded WebApplicationContext

2025-02-15T05:25:28.159Z - Java Backend PID:16728 Out: 2025-02-15T10:55:28.158+05:30  INFO 10196 --- [           main] w.s.c.ServletWebServerApplicationContext : Root WebApplicationContext: initialization completed in 1152 ms

2025-02-15T05:25:28.633Z - Java Backend PID:16728 Out: 2025-02-15T10:55:28.632+05:30  INFO 10196 --- [           main] o.s.b.w.embedded.tomcat.TomcatWebServer  : Tomcat started on port 8080 (http) with context path ''

2025-02-15T05:25:28.638Z - Java Backend PID:16728 Out: 2025-02-15T10:55:28.634+05:30  INFO 10196 --- [           main] org.cms.Main                             : Started Main in 2.026 seconds (process running for 2.341)

2025-02-15T05:25:30.250Z - Java Backend PID:16728 Out: 2025-02-15T10:55:30.249+05:30  INFO 10196 --- [nio-8080-exec-1] o.a.c.c.C.[Tomcat].[localhost].[/]       : Initializing Spring DispatcherServlet 'dispatcherServlet'

2025-02-15T05:25:30.251Z - Java Backend PID:16728 Out: 2025-02-15T10:55:30.249+05:30  INFO 10196 --- [nio-8080-exec-1] o.s.web.servlet.DispatcherServlet        : Initializing Servlet 'dispatcherServlet'

2025-02-15T05:25:30.253Z - Java Backend PID:16728 Out: 2025-02-15T10:55:30.251+05:30  INFO 10196 --- [nio-8080-exec-1] o.s.web.servlet.DispatcherServlet        : Completed initialization in 0 ms

2025-02-15T05:27:20.257Z - Java Backend PID:5052 Out: 
  .   ____          _            __ _ _
 /\\ / ___'_ __ _ _(_)_ __  __ _ \ \ \ \
( ( )\___ | '_ | '_| | '_ \/ _` | \ \ \ \
 \\/  ___)| |_)| | | | | || (_| |  ) ) ) )
  '  |____| .__|_| |_|_| |_\__, | / / / /

2025-02-15T05:27:20.259Z - Java Backend PID:5052 Out:  =========|_|==============|___/=/_/_/_/

2025-02-15T05:27:20.261Z - Java Backend PID:5052 Out:  :: Spring Boot ::                (v3.2.0)


2025-02-15T05:27:20.330Z - Java Backend PID:5052 Out: 2025-02-15T10:57:20.329+05:30  INFO 2292 --- [           main] org.cms.Main                             : Starting Main using Java 21.0.2 with PID 2292 (D:\Projects\clinic-management-system\backend\out\artifacts\backend_jar\backend.jar started by DilanSriyantha in D:\Projects\clinic-management-system)

2025-02-15T05:27:20.332Z - Java Backend PID:5052 Out: 2025-02-15T10:57:20.332+05:30  INFO 2292 --- [           main] org.cms.Main                             : No active profile set, falling back to 1 default profile: "default"

2025-02-15T05:27:21.324Z - Java Backend PID:5052 Out: 2025-02-15T10:57:21.323+05:30  INFO 2292 --- [           main] o.s.b.w.embedded.tomcat.TomcatWebServer  : Tomcat initialized with port 8080 (http)

2025-02-15T05:27:21.334Z - Java Backend PID:5052 Out: 2025-02-15T10:57:21.333+05:30  INFO 2292 --- [           main] o.apache.catalina.core.StandardService   : Starting service [Tomcat]

2025-02-15T05:27:21.334Z - Java Backend PID:5052 Out: 2025-02-15T10:57:21.334+05:30  INFO 2292 --- [           main] o.apache.catalina.core.StandardEngine    : Starting Servlet engine: [Apache Tomcat/10.1.16]

2025-02-15T05:27:21.443Z - Java Backend PID:5052 Out: 2025-02-15T10:57:21.443+05:30  INFO 2292 --- [           main] o.a.c.c.C.[Tomcat].[localhost].[/]       : Initializing Spring embedded WebApplicationContext

2025-02-15T05:27:21.445Z - Java Backend PID:5052 Out: 2025-02-15T10:57:21.445+05:30  INFO 2292 --- [           main] w.s.c.ServletWebServerApplicationContext : Root WebApplicationContext: initialization completed in 1067 ms

2025-02-15T05:27:21.911Z - Java Backend PID:5052 Out: 2025-02-15T10:57:21.912+05:30  INFO 2292 --- [           main] o.s.b.w.embedded.tomcat.TomcatWebServer  : Tomcat started on port 8080 (http) with context path ''

2025-02-15T05:27:21.918Z - Java Backend PID:5052 Out: 2025-02-15T10:57:21.914+05:30  INFO 2292 --- [           main] org.cms.Main                             : Started Main in 1.944 seconds (process running for 2.243)

2025-02-15T05:28:00.144Z - Java Backend PID:5052 Out: 2025-02-15T10:58:00.144+05:30  INFO 2292 --- [nio-8080-exec-1] o.a.c.c.C.[Tomcat].[localhost].[/]       : Initializing Spring DispatcherServlet 'dispatcherServlet'

2025-02-15T05:28:00.145Z - Java Backend PID:5052 Out: 2025-02-15T10:58:00.144+05:30  INFO 2292 --- [nio-8080-exec-1] o.s.web.servlet.DispatcherServlet        : Initializing Servlet 'dispatcherServlet'

2025-02-15T05:28:00.146Z - Java Backend PID:5052 Out: 2025-02-15T10:58:00.145+05:30  INFO 2292 --- [nio-8080-exec-1] o.s.web.servlet.DispatcherServlet        : Completed initialization in 0 ms

